,id_municipio,id_uf,sigla_uf,nome_uf,nome_regiao
0,5101837,51,MT,Mato Grosso,Centro-Oeste
1,1100809,11,RO,Rondônia,Norte
2,1100338,11,RO,Rondônia,Norte
3,1100205,11,RO,Rondônia,Norte
4,1101104,11,RO,Rondônia,Norte
5,1100940,11,RO,Rondônia,Norte
6,1100452,11,RO,Rondônia,Norte
7,1100700,11,RO,Rondônia,Norte
8,1100106,11,RO,Rondônia,Norte
9,1101492,11,RO,Rondônia,Norte
10,1100080,11,RO,Rondônia,Norte
11,1101401,11,RO,Rondônia,Norte
12,1100262,11,RO,Rondônia,Norte
13,1100403,11,RO,Rondônia,Norte
14,1100601,11,RO,Rondônia,Norte
15,1100023,11,RO,Rondônia,Norte
16,1101757,11,RO,Rondônia,Norte
17,1100130,11,RO,Rondônia,Norte
18,1101005,11,RO,Rondônia,Norte
19,1101609,11,RO,Rondônia,Norte
20,1100114,11,RO,Rondônia,Norte
21,1101435,11,RO,Rondônia,Norte
22,1100122,11,RO,Rondônia,Norte
23,1101559,11,RO,Rondônia,Norte
24,1101807,11,RO,Rondônia,Norte
25,1101708,11,RO,Rondônia,Norte
26,1101302,11,RO,Rondônia,Norte
27,1100254,11,RO,Rondônia,Norte
28,1100155,11,RO,Rondônia,Norte
29,1100320,11,RO,Rondônia,Norte
30,1101500,11,RO,Rondônia,Norte
31,1100346,11,RO,Rondônia,Norte
32,1100148,11,RO,Rondônia,Norte
33,1100502,11,RO,Rondônia,Norte
34,1100379,11,RO,Rondônia,Norte
35,1100296,11,RO,Rondônia,Norte
36,1100908,11,RO,Rondônia,Norte
37,1100015,11,RO,Rondônia,Norte
38,1100049,11,RO,Rondônia,Norte
39,1100098,11,RO,Rondônia,Norte
40,1100288,11,RO,Rondônia,Norte
41,1101203,11,RO,Rondônia,Norte
42,1101484,11,RO,Rondônia,Norte
43,1100189,11,RO,Rondônia,Norte
44,1101476,11,RO,Rondônia,Norte
45,1101450,11,RO,Rondônia,Norte
46,1100924,11,RO,Rondônia,Norte
47,1100304,11,RO,Rondônia,Norte
48,1100064,11,RO,Rondônia,Norte
49,1100031,11,RO,Rondônia,Norte
50,1100056,11,RO,Rondônia,Norte
51,1100072,11,RO,Rondônia,Norte
52,1101468,11,RO,Rondônia,Norte
53,1200336,12,AC,Acre,Norte
54,1200203,12,AC,Acre,Norte
55,1200393,12,AC,Acre,Norte
56,1200427,12,AC,Acre,Norte
57,1200351,12,AC,Acre,Norte
58,1200609,12,AC,Acre,Norte
59,1200328,12,AC,Acre,Norte
60,1200302,12,AC,Acre,Norte
61,1200500,12,AC,Acre,Norte
62,1200435,12,AC,Acre,Norte
63,1200344,12,AC,Acre,Norte
64,1200401,12,AC,Acre,Norte
65,1200450,12,AC,Acre,Norte
66,1200385,12,AC,Acre,Norte
67,1200179,12,AC,Acre,Norte
68,1200138,12,AC,Acre,Norte
69,1200807,12,AC,Acre,Norte
70,1200013,12,AC,Acre,Norte
71,1200252,12,AC,Acre,Norte
72,1200708,12,AC,Acre,Norte
73,1200054,12,AC,Acre,Norte
74,1200104,12,AC,Acre,Norte
75,1300409,13,AM,Amazonas,Norte
76,1303601,13,AM,Amazonas,Norte
77,1303809,13,AM,Amazonas,Norte
78,1303205,13,AM,Amazonas,Norte
79,1302801,13,AM,Amazonas,Norte
80,1302108,13,AM,Amazonas,Norte
81,1301605,13,AM,Amazonas,Norte
82,1302306,13,AM,Amazonas,Norte
83,1303908,13,AM,Amazonas,Norte
84,1300607,13,AM,Amazonas,Norte
85,1304237,13,AM,Amazonas,Norte
86,1300201,13,AM,Amazonas,Norte
87,1304062,13,AM,Amazonas,Norte
88,1300060,13,AM,Amazonas,Norte
89,1303700,13,AM,Amazonas,Norte
90,1301001,13,AM,Amazonas,Norte
91,1302207,13,AM,Amazonas,Norte
92,1301803,13,AM,Amazonas,Norte
93,1301407,13,AM,Amazonas,Norte
94,1301506,13,AM,Amazonas,Norte
95,1301951,13,AM,Amazonas,Norte
96,1301654,13,AM,Amazonas,Norte
97,1304203,13,AM,Amazonas,Norte
98,1300029,13,AM,Amazonas,Norte
99,1304260,13,AM,Amazonas,Norte
100,1300102,13,AM,Amazonas,Norte
101,1301308,13,AM,Amazonas,Norte
102,1300631,13,AM,Amazonas,Norte
103,1301209,13,AM,Amazonas,Norte
104,1300086,13,AM,Amazonas,Norte
105,1300839,13,AM,Amazonas,Norte
106,1302553,13,AM,Amazonas,Norte
107,1300300,13,AM,Amazonas,Norte
108,1301852,13,AM,Amazonas,Norte
109,1302603,13,AM,Amazonas,Norte
110,1301159,13,AM,Amazonas,Norte
111,1301100,13,AM,Amazonas,Norte
112,1302504,13,AM,Amazonas,Norte
113,1303536,13,AM,Amazonas,Norte
114,1303569,13,AM,Amazonas,Norte
115,1303106,13,AM,Amazonas,Norte
116,1304005,13,AM,Amazonas,Norte
117,1304401,13,AM,Amazonas,Norte
118,1301902,13,AM,Amazonas,Norte
119,1302009,13,AM,Amazonas,Norte
120,1300508,13,AM,Amazonas,Norte
121,1302900,13,AM,Amazonas,Norte
122,1303007,13,AM,Amazonas,Norte
123,1300680,13,AM,Amazonas,Norte
124,1303403,13,AM,Amazonas,Norte
125,1304302,13,AM,Amazonas,Norte
126,1303957,13,AM,Amazonas,Norte
127,1303502,13,AM,Amazonas,Norte
128,1300706,13,AM,Amazonas,Norte
129,1300904,13,AM,Amazonas,Norte
130,1302405,13,AM,Amazonas,Norte
131,1304104,13,AM,Amazonas,Norte
132,1300805,13,AM,Amazonas,Norte
133,1300144,13,AM,Amazonas,Norte
134,1301704,13,AM,Amazonas,Norte
135,1303304,13,AM,Amazonas,Norte
136,1302702,13,AM,Amazonas,Norte
137,1400100,14,RR,Roraima,Norte
138,1400050,14,RR,Roraima,Norte
139,1400456,14,RR,Roraima,Norte
140,1400027,14,RR,Roraima,Norte
141,1400175,14,RR,Roraima,Norte
142,1400159,14,RR,Roraima,Norte
143,1400407,14,RR,Roraima,Norte
144,1400704,14,RR,Roraima,Norte
145,1400308,14,RR,Roraima,Norte
146,1400209,14,RR,Roraima,Norte
147,1400282,14,RR,Roraima,Norte
148,1400506,14,RR,Roraima,Norte
149,1400605,14,RR,Roraima,Norte
150,1400233,14,RR,Roraima,Norte
151,1400472,14,RR,Roraima,Norte
152,1505106,15,PA,Pará,Norte
153,1507979,15,PA,Pará,Norte
154,1503903,15,PA,Pará,Norte
155,1503002,15,PA,Pará,Norte
156,1505304,15,PA,Pará,Norte
157,1500404,15,PA,Pará,Norte
158,1501451,15,PA,Pará,Norte
159,1504802,15,PA,Pará,Norte
160,1504752,15,PA,Pará,Norte
161,1506005,15,PA,Pará,Norte
162,1506807,15,PA,Pará,Norte
163,1505650,15,PA,Pará,Norte
164,1502855,15,PA,Pará,Norte
165,1500503,15,PA,Pará,Norte
166,1505908,15,PA,Pará,Norte
167,1501105,15,PA,Pará,Norte
168,1503101,15,PA,Pará,Norte
169,1504505,15,PA,Pará,Norte
170,1505809,15,PA,Pará,Norte
171,1507706,15,PA,Pará,Norte
172,1500701,15,PA,Pará,Norte
173,1501808,15,PA,Pará,Norte
174,1500305,15,PA,Pará,Norte
175,1502806,15,PA,Pará,Norte
176,1502509,15,PA,Pará,Norte
177,1505700,15,PA,Pará,Norte
178,1507904,15,PA,Pará,Norte
179,1506302,15,PA,Pará,Norte
180,1506401,15,PA,Pará,Norte
181,1502004,15,PA,Pará,Norte
182,1504901,15,PA,Pará,Norte
183,1500800,15,PA,Pará,Norte
184,1504422,15,PA,Pará,Norte
185,1501303,15,PA,Pará,Norte
186,1506351,15,PA,Pará,Norte
187,1501501,15,PA,Pará,Norte
188,1501402,15,PA,Pará,Norte
189,1506500,15,PA,Pará,Norte
190,1501907,15,PA,Pará,Norte
191,1507003,15,PA,Pará,Norte
192,1502400,15,PA,Pará,Norte
193,1503408,15,PA,Pará,Norte
194,1507102,15,PA,Pará,Norte
195,1502608,15,PA,Pará,Norte
196,1508209,15,PA,Pará,Norte
197,1504406,15,PA,Pará,Norte
198,1502905,15,PA,Pará,Norte
199,1507466,15,PA,Pará,Norte
200,1504307,15,PA,Pará,Norte
201,1504109,15,PA,Pará,Norte
202,1507961,15,PA,Pará,Norte
203,1507474,15,PA,Pará,Norte
204,1506203,15,PA,Pará,Norte
205,1503200,15,PA,Pará,Norte
206,1506609,15,PA,Pará,Norte
207,1507409,15,PA,Pará,Norte
208,1501709,15,PA,Pará,Norte
209,1500909,15,PA,Pará,Norte
210,1508035,15,PA,Pará,Norte
211,1506112,15,PA,Pará,Norte
212,1502202,15,PA,Pará,Norte
213,1506906,15,PA,Pará,Norte
214,1506104,15,PA,Pará,Norte
215,1501600,15,PA,Pará,Norte
216,1505601,15,PA,Pará,Norte
217,1505007,15,PA,Pará,Norte
218,1504604,15,PA,Pará,Norte
219,1505205,15,PA,Pará,Norte
220,1504000,15,PA,Pará,Norte
221,1502103,15,PA,Pará,Norte
222,1503309,15,PA,Pará,Norte
223,1500107,15,PA,Pará,Norte
224,1501204,15,PA,Pará,Norte
225,1502756,15,PA,Pará,Norte
226,1508001,15,PA,Pará,Norte
227,1500206,15,PA,Pará,Norte
228,1504703,15,PA,Pará,Norte
229,1507953,15,PA,Pará,Norte
230,1507201,15,PA,Pará,Norte
231,1503507,15,PA,Pará,Norte
232,1507607,15,PA,Pará,Norte
233,1508308,15,PA,Pará,Norte
234,1506559,15,PA,Pará,Norte
235,1501956,15,PA,Pará,Norte
236,1503457,15,PA,Pará,Norte
237,1500958,15,PA,Pará,Norte
238,1504059,15,PA,Pará,Norte
239,1503077,15,PA,Pará,Norte
240,1502301,15,PA,Pará,Norte
241,1505403,15,PA,Pará,Norte
242,1504950,15,PA,Pará,Norte
243,1506195,15,PA,Pará,Norte
244,1501006,15,PA,Pará,Norte
245,1503606,15,PA,Pará,Norte
246,1508050,15,PA,Pará,Norte
247,1503754,15,PA,Pará,Norte
248,1505031,15,PA,Pará,Norte
249,1505486,15,PA,Pará,Norte
250,1500859,15,PA,Pará,Norte
251,1508357,15,PA,Pará,Norte
252,1501725,15,PA,Pará,Norte
253,1507805,15,PA,Pará,Norte
254,1504455,15,PA,Pará,Norte
255,1508159,15,PA,Pará,Norte
256,1500602,15,PA,Pará,Norte
257,1504976,15,PA,Pará,Norte
258,1503804,15,PA,Pará,Norte
259,1503705,15,PA,Pará,Norte
260,1505064,15,PA,Pará,Norte
261,1508100,15,PA,Pará,Norte
262,1501782,15,PA,Pará,Norte
263,1508126,15,PA,Pará,Norte
264,1505502,15,PA,Pará,Norte
265,1502939,15,PA,Pará,Norte
266,1500131,15,PA,Pará,Norte
267,1501576,15,PA,Pará,Norte
268,1506187,15,PA,Pará,Norte
269,1503093,15,PA,Pará,Norte
270,1502764,15,PA,Pará,Norte
271,1501253,15,PA,Pará,Norte
272,1507300,15,PA,Pará,Norte
273,1505437,15,PA,Pará,Norte
274,1508084,15,PA,Pará,Norte
275,1502152,15,PA,Pará,Norte
276,1505536,15,PA,Pará,Norte
277,1502772,15,PA,Pará,Norte
278,1502954,15,PA,Pará,Norte
279,1500347,15,PA,Pará,Norte
280,1507508,15,PA,Pará,Norte
281,1505494,15,PA,Pará,Norte
282,1504208,15,PA,Pará,Norte
283,1501758,15,PA,Pará,Norte
284,1507151,15,PA,Pará,Norte
285,1507458,15,PA,Pará,Norte
286,1505635,15,PA,Pará,Norte
287,1506138,15,PA,Pará,Norte
288,1505551,15,PA,Pará,Norte
289,1508407,15,PA,Pará,Norte
290,1507755,15,PA,Pará,Norte
291,1506161,15,PA,Pará,Norte
292,1503044,15,PA,Pará,Norte
293,1502707,15,PA,Pará,Norte
294,1506708,15,PA,Pará,Norte
295,1506583,15,PA,Pará,Norte
296,1600204,16,AP,Amapá,Norte
297,1600501,16,AP,Amapá,Norte
298,1600105,16,AP,Amapá,Norte
299,1600709,16,AP,Amapá,Norte
300,1600550,16,AP,Amapá,Norte
301,1600253,16,AP,Amapá,Norte
302,1600600,16,AP,Amapá,Norte
303,1600303,16,AP,Amapá,Norte
304,1600212,16,AP,Amapá,Norte
305,1600055,16,AP,Amapá,Norte
306,1600154,16,AP,Amapá,Norte
307,1600535,16,AP,Amapá,Norte
308,1600238,16,AP,Amapá,Norte
309,1600402,16,AP,Amapá,Norte
310,1600279,16,AP,Amapá,Norte
311,1600808,16,AP,Amapá,Norte
312,1701002,17,TO,Tocantins,Norte
313,1718550,17,TO,Tocantins,Norte
314,1701051,17,TO,Tocantins,Norte
315,1706506,17,TO,Tocantins,Norte
316,1712454,17,TO,Tocantins,Norte
317,1712801,17,TO,Tocantins,Norte
318,1714302,17,TO,Tocantins,Norte
319,1700301,17,TO,Tocantins,Norte
320,1713809,17,TO,Tocantins,Norte
321,1721208,17,TO,Tocantins,Norte
322,1703826,17,TO,Tocantins,Norte
323,1720002,17,TO,Tocantins,Norte
324,1702208,17,TO,Tocantins,Norte
325,1720200,17,TO,Tocantins,Norte
326,1703891,17,TO,Tocantins,Norte
327,1720309,17,TO,Tocantins,Norte
328,1718303,17,TO,Tocantins,Norte
329,1710706,17,TO,Tocantins,Norte
330,1702554,17,TO,Tocantins,Norte
331,1720804,17,TO,Tocantins,Norte
332,1702901,17,TO,Tocantins,Norte
333,1718808,17,TO,Tocantins,Norte
334,1707405,17,TO,Tocantins,Norte
335,1703800,17,TO,Tocantins,Norte
336,1720101,17,TO,Tocantins,Norte
337,1702307,17,TO,Tocantins,Norte
338,1703883,17,TO,Tocantins,Norte
339,1718865,17,TO,Tocantins,Norte
340,1722107,17,TO,Tocantins,Norte
341,1713957,17,TO,Tocantins,Norte
342,1701309,17,TO,Tocantins,Norte
343,1717206,17,TO,Tocantins,Norte
344,1722081,17,TO,Tocantins,Norte
345,1702158,17,TO,Tocantins,Norte
346,1707702,17,TO,Tocantins,Norte
347,1703008,17,TO,Tocantins,Norte
348,1716307,17,TO,Tocantins,Norte
349,1702109,17,TO,Tocantins,Norte
350,1714880,17,TO,Tocantins,Norte
351,1715705,17,TO,Tocantins,Norte
352,1703057,17,TO,Tocantins,Norte
353,1705508,17,TO,Tocantins,Norte
354,1703909,17,TO,Tocantins,Norte
355,1713700,17,TO,Tocantins,Norte
356,1712504,17,TO,Tocantins,Norte
357,1703107,17,TO,Tocantins,Norte
358,1707108,17,TO,Tocantins,Norte
359,1701903,17,TO,Tocantins,Norte
360,1700251,17,TO,Tocantins,Norte
361,1707207,17,TO,Tocantins,Norte
362,1713205,17,TO,Tocantins,Norte
363,1718709,17,TO,Tocantins,Norte
364,1713304,17,TO,Tocantins,Norte
365,1718402,17,TO,Tocantins,Norte
366,1721257,17,TO,Tocantins,Norte
367,1716653,17,TO,Tocantins,Norte
368,1708304,17,TO,Tocantins,Norte
369,1711100,17,TO,Tocantins,Norte
370,1709302,17,TO,Tocantins,Norte
371,1708254,17,TO,Tocantins,Norte
372,1716703,17,TO,Tocantins,Norte
373,1706001,17,TO,Tocantins,Norte
374,1703206,17,TO,Tocantins,Norte
375,1703602,17,TO,Tocantins,Norte
376,1711803,17,TO,Tocantins,Norte
377,1721307,17,TO,Tocantins,Norte
378,1707553,17,TO,Tocantins,Norte
379,1715507,17,TO,Tocantins,Norte
380,1718451,17,TO,Tocantins,Norte
381,1706100,17,TO,Tocantins,Norte
382,1716109,17,TO,Tocantins,Norte
383,1717503,17,TO,Tocantins,Norte
384,1711902,17,TO,Tocantins,Norte
385,1704600,17,TO,Tocantins,Norte
386,1715002,17,TO,Tocantins,Norte
387,1708205,17,TO,Tocantins,Norte
388,1702000,17,TO,Tocantins,Norte
389,1707306,17,TO,Tocantins,Norte
390,1718840,17,TO,Tocantins,Norte
391,1718899,17,TO,Tocantins,Norte
392,1703701,17,TO,Tocantins,Norte
393,1706258,17,TO,Tocantins,Norte
394,1720259,17,TO,Tocantins,Norte
395,1707652,17,TO,Tocantins,Norte
396,1716604,17,TO,Tocantins,Norte
397,1715754,17,TO,Tocantins,Norte
398,1720978,17,TO,Tocantins,Norte
399,1720853,17,TO,Tocantins,Norte
400,1711506,17,TO,Tocantins,Norte
401,1703867,17,TO,Tocantins,Norte
402,1700707,17,TO,Tocantins,Norte
403,1700350,17,TO,Tocantins,Norte
404,1709500,17,TO,Tocantins,Norte
405,1721000,17,TO,Tocantins,Norte
406,1701101,17,TO,Tocantins,Norte
407,1712009,17,TO,Tocantins,Norte
408,1718204,17,TO,Tocantins,Norte
409,1720655,17,TO,Tocantins,Norte
410,1709807,17,TO,Tocantins,Norte
411,1713601,17,TO,Tocantins,Norte
412,1721109,17,TO,Tocantins,Norte
413,1716505,17,TO,Tocantins,Norte
414,1703305,17,TO,Tocantins,Norte
415,1718881,17,TO,Tocantins,Norte
416,1715101,17,TO,Tocantins,Norte
417,1711951,17,TO,Tocantins,Norte
418,1712702,17,TO,Tocantins,Norte
419,1719004,17,TO,Tocantins,Norte
420,1720150,17,TO,Tocantins,Norte
421,1718758,17,TO,Tocantins,Norte
422,1712405,17,TO,Tocantins,Norte
423,1717909,17,TO,Tocantins,Norte
424,1703073,17,TO,Tocantins,Norte
425,1703842,17,TO,Tocantins,Norte
426,1709005,17,TO,Tocantins,Norte
427,1718501,17,TO,Tocantins,Norte
428,1704105,17,TO,Tocantins,Norte
429,1710904,17,TO,Tocantins,Norte
430,1710508,17,TO,Tocantins,Norte
431,1717008,17,TO,Tocantins,Norte
432,1705102,17,TO,Tocantins,Norte
433,1718907,17,TO,Tocantins,Norte
434,1714203,17,TO,Tocantins,Norte
435,1716208,17,TO,Tocantins,Norte
436,1720499,17,TO,Tocantins,Norte
437,1720937,17,TO,Tocantins,Norte
438,1705557,17,TO,Tocantins,Norte
439,1700400,17,TO,Tocantins,Norte
440,1718659,17,TO,Tocantins,Norte
441,1720903,17,TO,Tocantins,Norte
442,1717800,17,TO,Tocantins,Norte
443,1715259,17,TO,Tocantins,Norte
444,1702703,17,TO,Tocantins,Norte
445,1712157,17,TO,Tocantins,Norte
446,1707009,17,TO,Tocantins,Norte
447,1718006,17,TO,Tocantins,Norte
448,1715150,17,TO,Tocantins,Norte
449,1702406,17,TO,Tocantins,Norte
450,1705607,17,TO,Tocantins,Norte
451,2100204,21,MA,Maranhão,Nordeste
452,2101350,21,MA,Maranhão,Nordeste
453,2101905,21,MA,Maranhão,Nordeste
454,2102408,21,MA,Maranhão,Nordeste
455,2111789,21,MA,Maranhão,Nordeste
456,2106805,21,MA,Maranhão,Nordeste
457,2103125,21,MA,Maranhão,Nordeste
458,2100832,21,MA,Maranhão,Nordeste
459,2103703,21,MA,Maranhão,Nordeste
460,2109056,21,MA,Maranhão,Nordeste
461,2104909,21,MA,Maranhão,Nordeste
462,2103109,21,MA,Maranhão,Nordeste
463,2101301,21,MA,Maranhão,Nordeste
464,2107506,21,MA,Maranhão,Nordeste
465,2109452,21,MA,Maranhão,Nordeste
466,2111201,21,MA,Maranhão,Nordeste
467,2111300,21,MA,Maranhão,Nordeste
468,2101251,21,MA,Maranhão,Nordeste
469,2107100,21,MA,Maranhão,Nordeste
470,2109205,21,MA,Maranhão,Nordeste
471,2105104,21,MA,Maranhão,Nordeste
472,2102374,21,MA,Maranhão,Nordeste
473,2110203,21,MA,Maranhão,Nordeste
474,2109601,21,MA,Maranhão,Nordeste
475,2101103,21,MA,Maranhão,Nordeste
476,2110278,21,MA,Maranhão,Nordeste
477,2109403,21,MA,Maranhão,Nordeste
478,2101707,21,MA,Maranhão,Nordeste
479,2105005,21,MA,Maranhão,Nordeste
480,2112506,21,MA,Maranhão,Nordeste
481,2108058,21,MA,Maranhão,Nordeste
482,2108256,21,MA,Maranhão,Nordeste
483,2108405,21,MA,Maranhão,Nordeste
484,2109809,21,MA,Maranhão,Nordeste
485,2109270,21,MA,Maranhão,Nordeste
486,2107605,21,MA,Maranhão,Nordeste
487,2110500,21,MA,Maranhão,Nordeste
488,2108603,21,MA,Maranhão,Nordeste
489,2100709,21,MA,Maranhão,Nordeste
490,2102507,21,MA,Maranhão,Nordeste
491,2107456,21,MA,Maranhão,Nordeste
492,2101004,21,MA,Maranhão,Nordeste
493,2106508,21,MA,Maranhão,Nordeste
494,2108306,21,MA,Maranhão,Nordeste
495,2111003,21,MA,Maranhão,Nordeste
496,2112803,21,MA,Maranhão,Nordeste
497,2111706,21,MA,Maranhão,Nordeste
498,2112902,21,MA,Maranhão,Nordeste
499,2105153,21,MA,Maranhão,Nordeste
500,2106904,21,MA,Maranhão,Nordeste
501,2101772,21,MA,Maranhão,Nordeste
502,2103554,21,MA,Maranhão,Nordeste
503,2106631,21,MA,Maranhão,Nordeste
504,2102705,21,MA,Maranhão,Nordeste
505,2106755,21,MA,Maranhão,Nordeste
506,2112704,21,MA,Maranhão,Nordeste
507,2105401,21,MA,Maranhão,Nordeste
508,2107209,21,MA,Maranhão,Nordeste
509,2108801,21,MA,Maranhão,Nordeste
510,2109304,21,MA,Maranhão,Nordeste
511,2112407,21,MA,Maranhão,Nordeste
512,2112456,21,MA,Maranhão,Nordeste
513,2106375,21,MA,Maranhão,Nordeste
514,2100550,21,MA,Maranhão,Nordeste
515,2106201,21,MA,Maranhão,Nordeste
516,2102606,21,MA,Maranhão,Nordeste
517,2103158,21,MA,Maranhão,Nordeste
518,2104305,21,MA,Maranhão,Nordeste
519,2102903,21,MA,Maranhão,Nordeste
520,2106326,21,MA,Maranhão,Nordeste
521,2104677,21,MA,Maranhão,Nordeste
522,2101970,21,MA,Maranhão,Nordeste
523,2105658,21,MA,Maranhão,Nordeste
524,2103174,21,MA,Maranhão,Nordeste
525,2111029,21,MA,Maranhão,Nordeste
526,2114007,21,MA,Maranhão,Nordeste
527,2102002,21,MA,Maranhão,Nordeste
528,2100477,21,MA,Maranhão,Nordeste
529,2112274,21,MA,Maranhão,Nordeste
530,2109908,21,MA,Maranhão,Nordeste
531,2100873,21,MA,Maranhão,Nordeste
532,2104651,21,MA,Maranhão,Nordeste
533,2108504,21,MA,Maranhão,Nordeste
534,2110005,21,MA,Maranhão,Nordeste
535,2107357,21,MA,Maranhão,Nordeste
536,2113009,21,MA,Maranhão,Nordeste
537,2102150,21,MA,Maranhão,Nordeste
538,2105708,21,MA,Maranhão,Nordeste
539,2100402,21,MA,Maranhão,Nordeste
540,2108108,21,MA,Maranhão,Nordeste
541,2106359,21,MA,Maranhão,Nordeste
542,2105963,21,MA,Maranhão,Nordeste
543,2109239,21,MA,Maranhão,Nordeste
544,2110039,21,MA,Maranhão,Nordeste
545,2102325,21,MA,Maranhão,Nordeste
546,2102036,21,MA,Maranhão,Nordeste
547,2105302,21,MA,Maranhão,Nordeste
548,2111763,21,MA,Maranhão,Nordeste
549,2107001,21,MA,Maranhão,Nordeste
550,2104552,21,MA,Maranhão,Nordeste
551,2109551,21,MA,Maranhão,Nordeste
552,2103257,21,MA,Maranhão,Nordeste
553,2102358,21,MA,Maranhão,Nordeste
554,2111532,21,MA,Maranhão,Nordeste
555,2103752,21,MA,Maranhão,Nordeste
556,2100600,21,MA,Maranhão,Nordeste
557,2105989,21,MA,Maranhão,Nordeste
558,2105500,21,MA,Maranhão,Nordeste
559,2112852,21,MA,Maranhão,Nordeste
560,2100055,21,MA,Maranhão,Nordeste
561,2110856,21,MA,Maranhão,Nordeste
562,2105427,21,MA,Maranhão,Nordeste
563,2108702,21,MA,Maranhão,Nordeste
564,2105906,21,MA,Maranhão,Nordeste
565,2111508,21,MA,Maranhão,Nordeste
566,2107407,21,MA,Maranhão,Nordeste
567,2101202,21,MA,Maranhão,Nordeste
568,2102077,21,MA,Maranhão,Nordeste
569,2111722,21,MA,Maranhão,Nordeste
570,2111409,21,MA,Maranhão,Nordeste
571,2105807,21,MA,Maranhão,Nordeste
572,2105948,21,MA,Maranhão,Nordeste
573,2105203,21,MA,Maranhão,Nordeste
574,2111631,21,MA,Maranhão,Nordeste
575,2112233,21,MA,Maranhão,Nordeste
576,2111672,21,MA,Maranhão,Nordeste
577,2110302,21,MA,Maranhão,Nordeste
578,2106003,21,MA,Maranhão,Nordeste
579,2101939,21,MA,Maranhão,Nordeste
580,2108207,21,MA,Maranhão,Nordeste
581,2108900,21,MA,Maranhão,Nordeste
582,2104008,21,MA,Maranhão,Nordeste
583,2105609,21,MA,Maranhão,Nordeste
584,2112308,21,MA,Maranhão,Nordeste
585,2109759,21,MA,Maranhão,Nordeste
586,2100956,21,MA,Maranhão,Nordeste
587,2105476,21,MA,Maranhão,Nordeste
588,2104081,21,MA,Maranhão,Nordeste
589,2101608,21,MA,Maranhão,Nordeste
590,2104099,21,MA,Maranhão,Nordeste
591,2104800,21,MA,Maranhão,Nordeste
592,2105351,21,MA,Maranhão,Nordeste
593,2111805,21,MA,Maranhão,Nordeste
594,2110708,21,MA,Maranhão,Nordeste
595,2104602,21,MA,Maranhão,Nordeste
596,2109106,21,MA,Maranhão,Nordeste
597,2104701,21,MA,Maranhão,Nordeste
598,2104628,21,MA,Maranhão,Nordeste
599,2111748,21,MA,Maranhão,Nordeste
600,2104404,21,MA,Maranhão,Nordeste
601,2104503,21,MA,Maranhão,Nordeste
602,2111250,21,MA,Maranhão,Nordeste
603,2104206,21,MA,Maranhão,Nordeste
604,2103802,21,MA,Maranhão,Nordeste
605,2110104,21,MA,Maranhão,Nordeste
606,2106300,21,MA,Maranhão,Nordeste
607,2100907,21,MA,Maranhão,Nordeste
608,2110237,21,MA,Maranhão,Nordeste
609,2100154,21,MA,Maranhão,Nordeste
610,2110609,21,MA,Maranhão,Nordeste
611,2101731,21,MA,Maranhão,Nordeste
612,2102101,21,MA,Maranhão,Nordeste
613,2110401,21,MA,Maranhão,Nordeste
614,2100808,21,MA,Maranhão,Nordeste
615,2106672,21,MA,Maranhão,Nordeste
616,2112605,21,MA,Maranhão,Nordeste
617,2102200,21,MA,Maranhão,Nordeste
618,2103208,21,MA,Maranhão,Nordeste
619,2106409,21,MA,Maranhão,Nordeste
620,2100436,21,MA,Maranhão,Nordeste
621,2102754,21,MA,Maranhão,Nordeste
622,2103307,21,MA,Maranhão,Nordeste
623,2103604,21,MA,Maranhão,Nordeste
624,2112100,21,MA,Maranhão,Nordeste
625,2108454,21,MA,Maranhão,Nordeste
626,2100303,21,MA,Maranhão,Nordeste
627,2103406,21,MA,Maranhão,Nordeste
628,2100105,21,MA,Maranhão,Nordeste
629,2103901,21,MA,Maranhão,Nordeste
630,2111078,21,MA,Maranhão,Nordeste
631,2103000,21,MA,Maranhão,Nordeste
632,2107803,21,MA,Maranhão,Nordeste
633,2106607,21,MA,Maranhão,Nordeste
634,2112209,21,MA,Maranhão,Nordeste
635,2102309,21,MA,Maranhão,Nordeste
636,2110906,21,MA,Maranhão,Nordeste
637,2107704,21,MA,Maranhão,Nordeste
638,2107902,21,MA,Maranhão,Nordeste
639,2101509,21,MA,Maranhão,Nordeste
640,2108009,21,MA,Maranhão,Nordeste
641,2107308,21,MA,Maranhão,Nordeste
642,2111102,21,MA,Maranhão,Nordeste
643,2105922,21,MA,Maranhão,Nordeste
644,2111953,21,MA,Maranhão,Nordeste
645,2103505,21,MA,Maranhão,Nordeste
646,2106706,21,MA,Maranhão,Nordeste
647,2105450,21,MA,Maranhão,Nordeste
648,2111904,21,MA,Maranhão,Nordeste
649,2102556,21,MA,Maranhão,Nordeste
650,2104057,21,MA,Maranhão,Nordeste
651,2109007,21,MA,Maranhão,Nordeste
652,2111052,21,MA,Maranhão,Nordeste
653,2111573,21,MA,Maranhão,Nordeste
654,2102804,21,MA,Maranhão,Nordeste
655,2100501,21,MA,Maranhão,Nordeste
656,2112001,21,MA,Maranhão,Nordeste
657,2109502,21,MA,Maranhão,Nordeste
658,2101400,21,MA,Maranhão,Nordeste
659,2104073,21,MA,Maranhão,Nordeste
660,2101806,21,MA,Maranhão,Nordeste
661,2110658,21,MA,Maranhão,Nordeste
662,2107258,21,MA,Maranhão,Nordeste
663,2106102,21,MA,Maranhão,Nordeste
664,2109700,21,MA,Maranhão,Nordeste
665,2110807,21,MA,Maranhão,Nordeste
666,2111607,21,MA,Maranhão,Nordeste
667,2104107,21,MA,Maranhão,Nordeste
668,2206209,22,PI,Piauí,Nordeste
669,2206803,22,PI,Piauí,Nordeste
670,2202174,22,PI,Piauí,Nordeste
671,2202059,22,PI,Piauí,Nordeste
672,2201770,22,PI,Piauí,Nordeste
673,2208502,22,PI,Piauí,Nordeste
674,2201200,22,PI,Piauí,Nordeste
675,2208403,22,PI,Piauí,Nordeste
676,2201960,22,PI,Piauí,Nordeste
677,2206670,22,PI,Piauí,Nordeste
678,2205458,22,PI,Piauí,Nordeste
679,2209971,22,PI,Piauí,Nordeste
680,2205854,22,PI,Piauí,Nordeste
681,2205805,22,PI,Piauí,Nordeste
682,2201507,22,PI,Piauí,Nordeste
683,2203701,22,PI,Piauí,Nordeste
684,2205409,22,PI,Piauí,Nordeste
685,2206100,22,PI,Piauí,Nordeste
686,2202703,22,PI,Piauí,Nordeste
687,2202083,22,PI,Piauí,Nordeste
688,2204659,22,PI,Piauí,Nordeste
689,2202653,22,PI,Piauí,Nordeste
690,2205706,22,PI,Piauí,Nordeste
691,2201919,22,PI,Piauí,Nordeste
692,2202729,22,PI,Piauí,Nordeste
693,2202000,22,PI,Piauí,Nordeste
694,2206696,22,PI,Piauí,Nordeste
695,2202539,22,PI,Piauí,Nordeste
696,2207702,22,PI,Piauí,Nordeste
697,2210052,22,PI,Piauí,Nordeste
698,2209872,22,PI,Piauí,Nordeste
699,2208304,22,PI,Piauí,Nordeste
700,2206407,22,PI,Piauí,Nordeste
701,2211001,22,PI,Piauí,Nordeste
702,2203255,22,PI,Piauí,Nordeste
703,2205508,22,PI,Piauí,Nordeste
704,2211100,22,PI,Piauí,Nordeste
705,2201606,22,PI,Piauí,Nordeste
706,2200400,22,PI,Piauí,Nordeste
707,2203305,22,PI,Piauí,Nordeste
708,2205581,22,PI,Piauí,Nordeste
709,2207793,22,PI,Piauí,Nordeste
710,2202737,22,PI,Piauí,Nordeste
711,2205557,22,PI,Piauí,Nordeste
712,2206720,22,PI,Piauí,Nordeste
713,2206308,22,PI,Piauí,Nordeste
714,2206951,22,PI,Piauí,Nordeste
715,2200301,22,PI,Piauí,Nordeste
716,2201945,22,PI,Piauí,Nordeste
717,2206753,22,PI,Piauí,Nordeste
718,2202711,22,PI,Piauí,Nordeste
719,2202026,22,PI,Piauí,Nordeste
720,2209906,22,PI,Piauí,Nordeste
721,2202604,22,PI,Piauí,Nordeste
722,2210656,22,PI,Piauí,Nordeste
723,2202208,22,PI,Piauí,Nordeste
724,2210409,22,PI,Piauí,Nordeste
725,2205276,22,PI,Piauí,Nordeste
726,2201051,22,PI,Piauí,Nordeste
727,2205516,22,PI,Piauí,Nordeste
728,2207900,22,PI,Piauí,Nordeste
729,2206357,22,PI,Piauí,Nordeste
730,2205573,22,PI,Piauí,Nordeste
731,2202406,22,PI,Piauí,Nordeste
732,2203420,22,PI,Piauí,Nordeste
733,2201408,22,PI,Piauí,Nordeste
734,2209807,22,PI,Piauí,Nordeste
735,2207108,22,PI,Piauí,Nordeste
736,2210508,22,PI,Piauí,Nordeste
737,2207504,22,PI,Piauí,Nordeste
738,2205540,22,PI,Piauí,Nordeste
739,2208809,22,PI,Piauí,Nordeste
740,2200202,22,PI,Piauí,Nordeste
741,2207751,22,PI,Piauí,Nordeste
742,2209450,22,PI,Piauí,Nordeste
743,2205250,22,PI,Piauí,Nordeste
744,2204600,22,PI,Piauí,Nordeste
745,2200103,22,PI,Piauí,Nordeste
746,2200509,22,PI,Piauí,Nordeste
747,2200608,22,PI,Piauí,Nordeste
748,2201002,22,PI,Piauí,Nordeste
749,2204105,22,PI,Piauí,Nordeste
750,2209609,22,PI,Piauí,Nordeste
751,2210383,22,PI,Piauí,Nordeste
752,2204006,22,PI,Piauí,Nordeste
753,2211407,22,PI,Piauí,Nordeste
754,2203503,22,PI,Piauí,Nordeste
755,2208601,22,PI,Piauí,Nordeste
756,2209153,22,PI,Piauí,Nordeste
757,2205599,22,PI,Piauí,Nordeste
758,2200905,22,PI,Piauí,Nordeste
759,2206902,22,PI,Piauí,Nordeste
760,2204709,22,PI,Piauí,Nordeste
761,2201176,22,PI,Piauí,Nordeste
762,2211308,22,PI,Piauí,Nordeste
763,2208106,22,PI,Piauí,Nordeste
764,2209203,22,PI,Piauí,Nordeste
765,2201150,22,PI,Piauí,Nordeste
766,2208908,22,PI,Piauí,Nordeste
767,2211209,22,PI,Piauí,Nordeste
768,2202752,22,PI,Piauí,Nordeste
769,2206001,22,PI,Piauí,Nordeste
770,2205607,22,PI,Piauí,Nordeste
771,2208551,22,PI,Piauí,Nordeste
772,2210631,22,PI,Piauí,Nordeste
773,2200806,22,PI,Piauí,Nordeste
774,2201705,22,PI,Piauí,Nordeste
775,2205904,22,PI,Piauí,Nordeste
776,2203602,22,PI,Piauí,Nordeste
777,2210391,22,PI,Piauí,Nordeste
778,2202251,22,PI,Piauí,Nordeste
779,2206704,22,PI,Piauí,Nordeste
780,2209708,22,PI,Piauí,Nordeste
781,2203909,22,PI,Piauí,Nordeste
782,2210102,22,PI,Piauí,Nordeste
783,2205300,22,PI,Piauí,Nordeste
784,2204501,22,PI,Piauí,Nordeste
785,2205102,22,PI,Piauí,Nordeste
786,2203800,22,PI,Piauí,Nordeste
787,2207850,22,PI,Piauí,Nordeste
788,2209005,22,PI,Piauí,Nordeste
789,2209757,22,PI,Piauí,Nordeste
790,2204402,22,PI,Piauí,Nordeste
791,2201309,22,PI,Piauí,Nordeste
792,2206605,22,PI,Piauí,Nordeste
793,2208700,22,PI,Piauí,Nordeste
794,2209302,22,PI,Piauí,Nordeste
795,2200459,22,PI,Piauí,Nordeste
796,2203107,22,PI,Piauí,Nordeste
797,2201903,22,PI,Piauí,Nordeste
798,2203230,22,PI,Piauí,Nordeste
799,2207405,22,PI,Piauí,Nordeste
800,2201929,22,PI,Piauí,Nordeste
801,2202851,22,PI,Piauí,Nordeste
802,2209559,22,PI,Piauí,Nordeste
803,2200707,22,PI,Piauí,Nordeste
804,2210359,22,PI,Piauí,Nordeste
805,2203354,22,PI,Piauí,Nordeste
806,2202505,22,PI,Piauí,Nordeste
807,2210607,22,PI,Piauí,Nordeste
808,2211357,22,PI,Piauí,Nordeste
809,2203750,22,PI,Piauí,Nordeste
810,2203453,22,PI,Piauí,Nordeste
811,2205532,22,PI,Piauí,Nordeste
812,2204550,22,PI,Piauí,Nordeste
813,2201988,22,PI,Piauí,Nordeste
814,2202307,22,PI,Piauí,Nordeste
815,2207355,22,PI,Piauí,Nordeste
816,2210953,22,PI,Piauí,Nordeste
817,2208858,22,PI,Piauí,Nordeste
818,2207603,22,PI,Piauí,Nordeste
819,2203206,22,PI,Piauí,Nordeste
820,2202901,22,PI,Piauí,Nordeste
821,2201101,22,PI,Piauí,Nordeste
822,2206654,22,PI,Piauí,Nordeste
823,2210623,22,PI,Piauí,Nordeste
824,2203008,22,PI,Piauí,Nordeste
825,2205524,22,PI,Piauí,Nordeste
826,2204808,22,PI,Piauí,Nordeste
827,2208007,22,PI,Piauí,Nordeste
828,2209351,22,PI,Piauí,Nordeste
829,2209856,22,PI,Piauí,Nordeste
830,2201804,22,PI,Piauí,Nordeste
831,2207553,22,PI,Piauí,Nordeste
832,2211704,22,PI,Piauí,Nordeste
833,2203404,22,PI,Piauí,Nordeste
834,2210375,22,PI,Piauí,Nordeste
835,2200954,22,PI,Piauí,Nordeste
836,2209104,22,PI,Piauí,Nordeste
837,2204352,22,PI,Piauí,Nordeste
838,2210201,22,PI,Piauí,Nordeste
839,2210938,22,PI,Piauí,Nordeste
840,2210979,22,PI,Piauí,Nordeste
841,2209377,22,PI,Piauí,Nordeste
842,2202778,22,PI,Piauí,Nordeste
843,2209955,22,PI,Piauí,Nordeste
844,2207009,22,PI,Piauí,Nordeste
845,2202075,22,PI,Piauí,Nordeste
846,2210300,22,PI,Piauí,Nordeste
847,2208205,22,PI,Piauí,Nordeste
848,2204204,22,PI,Piauí,Nordeste
849,2200251,22,PI,Piauí,Nordeste
850,2209401,22,PI,Piauí,Nordeste
851,2206506,22,PI,Piauí,Nordeste
852,2200277,22,PI,Piauí,Nordeste
853,2211605,22,PI,Piauí,Nordeste
854,2211506,22,PI,Piauí,Nordeste
855,2205003,22,PI,Piauí,Nordeste
856,2205201,22,PI,Piauí,Nordeste
857,2202133,22,PI,Piauí,Nordeste
858,2207207,22,PI,Piauí,Nordeste
859,2204907,22,PI,Piauí,Nordeste
860,2204303,22,PI,Piauí,Nordeste
861,2206050,22,PI,Piauí,Nordeste
862,2205953,22,PI,Piauí,Nordeste
863,2201572,22,PI,Piauí,Nordeste
864,2204154,22,PI,Piauí,Nordeste
865,2202091,22,PI,Piauí,Nordeste
866,2207777,22,PI,Piauí,Nordeste
867,2208650,22,PI,Piauí,Nordeste
868,2207801,22,PI,Piauí,Nordeste
869,2200053,22,PI,Piauí,Nordeste
870,2203271,22,PI,Piauí,Nordeste
871,2205151,22,PI,Piauí,Nordeste
872,2201739,22,PI,Piauí,Nordeste
873,2202554,22,PI,Piauí,Nordeste
874,2210706,22,PI,Piauí,Nordeste
875,2209500,22,PI,Piauí,Nordeste
876,2203859,22,PI,Piauí,Nordeste
877,2210805,22,PI,Piauí,Nordeste
878,2209658,22,PI,Piauí,Nordeste
879,2201556,22,PI,Piauí,Nordeste
880,2210904,22,PI,Piauí,Nordeste
881,2202109,22,PI,Piauí,Nordeste
882,2207306,22,PI,Piauí,Nordeste
883,2202802,22,PI,Piauí,Nordeste
884,2207959,22,PI,Piauí,Nordeste
885,2210003,22,PI,Piauí,Nordeste
886,2202455,22,PI,Piauí,Nordeste
887,2205359,22,PI,Piauí,Nordeste
888,2202117,22,PI,Piauí,Nordeste
889,2207934,22,PI,Piauí,Nordeste
890,2208874,22,PI,Piauí,Nordeste
891,2205565,22,PI,Piauí,Nordeste
892,2308906,23,CE,Ceará,Nordeste
893,2307908,23,CE,Ceará,Nordeste
894,2306553,23,CE,Ceará,Nordeste
895,2304251,23,CE,Ceará,Nordeste
896,2307254,23,CE,Ceará,Nordeste
897,2307809,23,CE,Ceará,Nordeste
898,2302305,23,CE,Ceará,Nordeste
899,2300200,23,CE,Ceará,Nordeste
900,2302057,23,CE,Ceará,Nordeste
901,2302602,23,CE,Ceará,Nordeste
902,2303907,23,CE,Ceará,Nordeste
903,2304707,23,CE,Ceará,Nordeste
904,2305001,23,CE,Ceará,Nordeste
905,2303402,23,CE,Ceará,Nordeste
906,2305308,23,CE,Ceará,Nordeste
907,2313609,23,CE,Ceará,Nordeste
908,2313401,23,CE,Ceará,Nordeste
909,2314102,23,CE,Ceará,Nordeste
910,2312304,23,CE,Ceará,Nordeste
911,2304236,23,CE,Ceará,Nordeste
912,2308807,23,CE,Ceará,Nordeste
913,2304004,23,CE,Ceará,Nordeste
914,2304509,23,CE,Ceará,Nordeste
915,2313906,23,CE,Ceará,Nordeste
916,2300507,23,CE,Ceará,Nordeste
917,2308203,23,CE,Ceará,Nordeste
918,2308377,23,CE,Ceará,Nordeste
919,2306108,23,CE,Ceará,Nordeste
920,2312908,23,CE,Ceará,Nordeste
921,2304657,23,CE,Ceará,Nordeste
922,2309003,23,CE,Ceará,Nordeste
923,2308005,23,CE,Ceará,Nordeste
924,2312809,23,CE,Ceará,Nordeste
925,2304905,23,CE,Ceará,Nordeste
926,2303105,23,CE,Ceará,Nordeste
927,2304350,23,CE,Ceará,Nordeste
928,2312007,23,CE,Ceará,Nordeste
929,2309904,23,CE,Ceará,Nordeste
930,2311009,23,CE,Ceará,Nordeste
931,2313955,23,CE,Ceará,Nordeste
932,2311702,23,CE,Ceará,Nordeste
933,2310951,23,CE,Ceará,Nordeste
934,2305803,23,CE,Ceará,Nordeste
935,2305902,23,CE,Ceará,Nordeste
936,2303659,23,CE,Ceará,Nordeste
937,2305209,23,CE,Ceará,Nordeste
938,2312205,23,CE,Ceará,Nordeste
939,2306405,23,CE,Ceará,Nordeste
940,2300754,23,CE,Ceará,Nordeste
941,2313500,23,CE,Ceará,Nordeste
942,2310258,23,CE,Ceará,Nordeste
943,2310209,23,CE,Ceará,Nordeste
944,2312403,23,CE,Ceará,Nordeste
945,2313559,23,CE,Ceará,Nordeste
946,2313757,23,CE,Ceará,Nordeste
947,2313807,23,CE,Ceará,Nordeste
948,2306306,23,CE,Ceará,Nordeste
949,2312601,23,CE,Ceará,Nordeste
950,2304608,23,CE,Ceará,Nordeste
951,2310704,23,CE,Ceará,Nordeste
952,2313351,23,CE,Ceará,Nordeste
953,2300903,23,CE,Ceará,Nordeste
954,2302800,23,CE,Ceará,Nordeste
955,2306603,23,CE,Ceará,Nordeste
956,2303006,23,CE,Ceará,Nordeste
957,2310407,23,CE,Ceará,Nordeste
958,2310100,23,CE,Ceará,Nordeste
959,2302909,23,CE,Ceará,Nordeste
960,2309102,23,CE,Ceará,Nordeste
961,2300150,23,CE,Ceará,Nordeste
962,2301208,23,CE,Ceará,Nordeste
963,2301406,23,CE,Ceará,Nordeste
964,2306504,23,CE,Ceará,Nordeste
965,2302107,23,CE,Ceará,Nordeste
966,2311603,23,CE,Ceará,Nordeste
967,2305100,23,CE,Ceará,Nordeste
968,2309805,23,CE,Ceará,Nordeste
969,2303956,23,CE,Ceará,Nordeste
970,2301950,23,CE,Ceará,Nordeste
971,2309458,23,CE,Ceará,Nordeste
972,2302206,23,CE,Ceará,Nordeste
973,2310852,23,CE,Ceará,Nordeste
974,2303501,23,CE,Ceará,Nordeste
975,2304285,23,CE,Ceará,Nordeste
976,2307700,23,CE,Ceará,Nordeste
977,2304954,23,CE,Ceará,Nordeste
978,2303709,23,CE,Ceará,Nordeste
979,2307650,23,CE,Ceará,Nordeste
980,2309706,23,CE,Ceará,Nordeste
981,2301000,23,CE,Ceará,Nordeste
982,2304400,23,CE,Ceará,Nordeste
983,2306256,23,CE,Ceará,Nordeste
984,2305233,23,CE,Ceará,Nordeste
985,2309607,23,CE,Ceará,Nordeste
986,2313203,23,CE,Ceará,Nordeste
987,2305605,23,CE,Ceará,Nordeste
988,2309409,23,CE,Ceará,Nordeste
989,2311264,23,CE,Ceará,Nordeste
990,2305654,23,CE,Ceará,Nordeste
991,2304103,23,CE,Ceará,Nordeste
992,2308609,23,CE,Ceará,Nordeste
993,2301257,23,CE,Ceará,Nordeste
994,2309300,23,CE,Ceará,Nordeste
995,2307635,23,CE,Ceará,Nordeste
996,2302404,23,CE,Ceará,Nordeste
997,2301851,23,CE,Ceará,Nordeste
998,2311306,23,CE,Ceará,Nordeste
999,2303931,23,CE,Ceará,Nordeste
1000,2311405,23,CE,Ceará,Nordeste
1001,2305266,23,CE,Ceará,Nordeste
1002,2303600,23,CE,Ceará,Nordeste
1003,2311900,23,CE,Ceará,Nordeste
1004,2300408,23,CE,Ceará,Nordeste
1005,2310308,23,CE,Ceará,Nordeste
1006,2313302,23,CE,Ceará,Nordeste
1007,2301505,23,CE,Ceará,Nordeste
1008,2313005,23,CE,Ceará,Nordeste
1009,2304269,23,CE,Ceará,Nordeste
1010,2310506,23,CE,Ceará,Nordeste
1011,2312700,23,CE,Ceará,Nordeste
1012,2308351,23,CE,Ceará,Nordeste
1013,2300309,23,CE,Ceará,Nordeste
1014,2310902,23,CE,Ceará,Nordeste
1015,2308500,23,CE,Ceará,Nordeste
1016,2301109,23,CE,Ceará,Nordeste
1017,2306207,23,CE,Ceará,Nordeste
1018,2305357,23,CE,Ceará,Nordeste
1019,2304459,23,CE,Ceará,Nordeste
1020,2305332,23,CE,Ceará,Nordeste
1021,2311801,23,CE,Ceará,Nordeste
1022,2312502,23,CE,Ceará,Nordeste
1023,2313104,23,CE,Ceará,Nordeste
1024,2300705,23,CE,Ceará,Nordeste
1025,2311504,23,CE,Ceará,Nordeste
1026,2310001,23,CE,Ceará,Nordeste
1027,2308708,23,CE,Ceará,Nordeste
1028,2307601,23,CE,Ceará,Nordeste
1029,2307007,23,CE,Ceará,Nordeste
1030,2306702,23,CE,Ceará,Nordeste
1031,2306900,23,CE,Ceará,Nordeste
1032,2306801,23,CE,Ceará,Nordeste
1033,2304277,23,CE,Ceará,Nordeste
1034,2310803,23,CE,Ceará,Nordeste
1035,2311231,23,CE,Ceará,Nordeste
1036,2306009,23,CE,Ceará,Nordeste
1037,2311355,23,CE,Ceará,Nordeste
1038,2305506,23,CE,Ceará,Nordeste
1039,2303808,23,CE,Ceará,Nordeste
1040,2305407,23,CE,Ceará,Nordeste
1041,2309508,23,CE,Ceará,Nordeste
1042,2303303,23,CE,Ceará,Nordeste
1043,2307403,23,CE,Ceará,Nordeste
1044,2314003,23,CE,Ceará,Nordeste
1045,2300804,23,CE,Ceará,Nordeste
1046,2313252,23,CE,Ceará,Nordeste
1047,2305704,23,CE,Ceará,Nordeste
1048,2301802,23,CE,Ceará,Nordeste
1049,2313708,23,CE,Ceará,Nordeste
1050,2307502,23,CE,Ceará,Nordeste
1051,2311959,23,CE,Ceará,Nordeste
1052,2301307,23,CE,Ceará,Nordeste
1053,2301604,23,CE,Ceará,Nordeste
1054,2302701,23,CE,Ceará,Nordeste
1055,2311207,23,CE,Ceará,Nordeste
1056,2300606,23,CE,Ceará,Nordeste
1057,2304806,23,CE,Ceará,Nordeste
1058,2304301,23,CE,Ceará,Nordeste
1059,2303204,23,CE,Ceará,Nordeste
1060,2301703,23,CE,Ceará,Nordeste
1061,2302008,23,CE,Ceará,Nordeste
1062,2308104,23,CE,Ceará,Nordeste
1063,2304202,23,CE,Ceará,Nordeste
1064,2312106,23,CE,Ceará,Nordeste
1065,2308401,23,CE,Ceará,Nordeste
1066,2307304,23,CE,Ceará,Nordeste
1067,2301901,23,CE,Ceará,Nordeste
1068,2309201,23,CE,Ceará,Nordeste
1069,2307106,23,CE,Ceará,Nordeste
1070,2311108,23,CE,Ceará,Nordeste
1071,2302503,23,CE,Ceará,Nordeste
1072,2310605,23,CE,Ceará,Nordeste
1073,2307205,23,CE,Ceará,Nordeste
1074,2300101,23,CE,Ceará,Nordeste
1075,2308302,23,CE,Ceará,Nordeste
1076,2404408,24,RN,Rio Grande do Norte,Nordeste
1077,2413359,24,RN,Rio Grande do Norte,Nordeste
1078,2401453,24,RN,Rio Grande do Norte,Nordeste
1079,2411056,24,RN,Rio Grande do Norte,Nordeste
1080,2401107,24,RN,Rio Grande do Norte,Nordeste
1081,2408003,24,RN,Rio Grande do Norte,Nordeste
1082,2403707,24,RN,Rio Grande do Norte,Nordeste
1083,2401008,24,RN,Rio Grande do Norte,Nordeste
1084,2404309,24,RN,Rio Grande do Norte,Nordeste
1085,2402303,24,RN,Rio Grande do Norte,Nordeste
1086,2401305,24,RN,Rio Grande do Norte,Nordeste
1087,2405207,24,RN,Rio Grande do Norte,Nordeste
1088,2414605,24,RN,Rio Grande do Norte,Nordeste
1089,2407609,24,RN,Rio Grande do Norte,Nordeste
1090,2408706,24,RN,Rio Grande do Norte,Nordeste
1091,2414456,24,RN,Rio Grande do Norte,Nordeste
1092,2406106,24,RN,Rio Grande do Norte,Nordeste
1093,2412807,24,RN,Rio Grande do Norte,Nordeste
1094,2400703,24,RN,Rio Grande do Norte,Nordeste
1095,2400208,24,RN,Rio Grande do Norte,Nordeste
1096,2402501,24,RN,Rio Grande do Norte,Nordeste
1097,2404853,24,RN,Rio Grande do Norte,Nordeste
1098,2409902,24,RN,Rio Grande do Norte,Nordeste
1099,2410256,24,RN,Rio Grande do Norte,Nordeste
1100,2404705,24,RN,Rio Grande do Norte,Nordeste
1101,2407005,24,RN,Rio Grande do Norte,Nordeste
1102,2403301,24,RN,Rio Grande do Norte,Nordeste
1103,2400406,24,RN,Rio Grande do Norte,Nordeste
1104,2412500,24,RN,Rio Grande do Norte,Nordeste
1105,2402907,24,RN,Rio Grande do Norte,Nordeste
1106,2414753,24,RN,Rio Grande do Norte,Nordeste
1107,2403202,24,RN,Rio Grande do Norte,Nordeste
1108,2407252,24,RN,Rio Grande do Norte,Nordeste
1109,2410801,24,RN,Rio Grande do Norte,Nordeste
1110,2413607,24,RN,Rio Grande do Norte,Nordeste
1111,2411007,24,RN,Rio Grande do Norte,Nordeste
1112,2404903,24,RN,Rio Grande do Norte,Nordeste
1113,2410702,24,RN,Rio Grande do Norte,Nordeste
1114,2410504,24,RN,Rio Grande do Norte,Nordeste
1115,2406007,24,RN,Rio Grande do Norte,Nordeste
1116,2413805,24,RN,Rio Grande do Norte,Nordeste
1117,2411908,24,RN,Rio Grande do Norte,Nordeste
1118,2400505,24,RN,Rio Grande do Norte,Nordeste
1119,2414100,24,RN,Rio Grande do Norte,Nordeste
1120,2410207,24,RN,Rio Grande do Norte,Nordeste
1121,2403905,24,RN,Rio Grande do Norte,Nordeste
1122,2408607,24,RN,Rio Grande do Norte,Nordeste
1123,2407302,24,RN,Rio Grande do Norte,Nordeste
1124,2409407,24,RN,Rio Grande do Norte,Nordeste
1125,2414902,24,RN,Rio Grande do Norte,Nordeste
1126,2410009,24,RN,Rio Grande do Norte,Nordeste
1127,2404002,24,RN,Rio Grande do Norte,Nordeste
1128,2407401,24,RN,Rio Grande do Norte,Nordeste
1129,2414506,24,RN,Rio Grande do Norte,Nordeste
1130,2400604,24,RN,Rio Grande do Norte,Nordeste
1131,2405900,24,RN,Rio Grande do Norte,Nordeste
1132,2410603,24,RN,Rio Grande do Norte,Nordeste
1133,2413557,24,RN,Rio Grande do Norte,Nordeste
1134,2400901,24,RN,Rio Grande do Norte,Nordeste
1135,2408409,24,RN,Rio Grande do Norte,Nordeste
1136,2409308,24,RN,Rio Grande do Norte,Nordeste
1137,2406908,24,RN,Rio Grande do Norte,Nordeste
1138,2411601,24,RN,Rio Grande do Norte,Nordeste
1139,2401859,24,RN,Rio Grande do Norte,Nordeste
1140,2404101,24,RN,Rio Grande do Norte,Nordeste
1141,2407203,24,RN,Rio Grande do Norte,Nordeste
1142,2404507,24,RN,Rio Grande do Norte,Nordeste
1143,2409605,24,RN,Rio Grande do Norte,Nordeste
1144,2405504,24,RN,Rio Grande do Norte,Nordeste
1145,2409704,24,RN,Rio Grande do Norte,Nordeste
1146,2401909,24,RN,Rio Grande do Norte,Nordeste
1147,2403756,24,RN,Rio Grande do Norte,Nordeste
1148,2400307,24,RN,Rio Grande do Norte,Nordeste
1149,2406700,24,RN,Rio Grande do Norte,Nordeste
1150,2400802,24,RN,Rio Grande do Norte,Nordeste
1151,2403806,24,RN,Rio Grande do Norte,Nordeste
1152,2413003,24,RN,Rio Grande do Norte,Nordeste
1153,2402709,24,RN,Rio Grande do Norte,Nordeste
1154,2414159,24,RN,Rio Grande do Norte,Nordeste
1155,2406502,24,RN,Rio Grande do Norte,Nordeste
1156,2401651,24,RN,Rio Grande do Norte,Nordeste
1157,2411403,24,RN,Rio Grande do Norte,Nordeste
1158,2405603,24,RN,Rio Grande do Norte,Nordeste
1159,2412104,24,RN,Rio Grande do Norte,Nordeste
1160,2411809,24,RN,Rio Grande do Norte,Nordeste
1161,2413409,24,RN,Rio Grande do Norte,Nordeste
1162,2414308,24,RN,Rio Grande do Norte,Nordeste
1163,2404804,24,RN,Rio Grande do Norte,Nordeste
1164,2402006,24,RN,Rio Grande do Norte,Nordeste
1165,2408508,24,RN,Rio Grande do Norte,Nordeste
1166,2412401,24,RN,Rio Grande do Norte,Nordeste
1167,2408904,24,RN,Rio Grande do Norte,Nordeste
1168,2403004,24,RN,Rio Grande do Norte,Nordeste
1169,2411429,24,RN,Rio Grande do Norte,Nordeste
1170,2403400,24,RN,Rio Grande do Norte,Nordeste
1171,2405702,24,RN,Rio Grande do Norte,Nordeste
1172,2402402,24,RN,Rio Grande do Norte,Nordeste
1173,2400109,24,RN,Rio Grande do Norte,Nordeste
1174,2403103,24,RN,Rio Grande do Norte,Nordeste
1175,2401602,24,RN,Rio Grande do Norte,Nordeste
1176,2410108,24,RN,Rio Grande do Norte,Nordeste
1177,2405801,24,RN,Rio Grande do Norte,Nordeste
1178,2405108,24,RN,Rio Grande do Norte,Nordeste
1179,2408805,24,RN,Rio Grande do Norte,Nordeste
1180,2407906,24,RN,Rio Grande do Norte,Nordeste
1181,2413300,24,RN,Rio Grande do Norte,Nordeste
1182,2412302,24,RN,Rio Grande do Norte,Nordeste
1183,2411205,24,RN,Rio Grande do Norte,Nordeste
1184,2414001,24,RN,Rio Grande do Norte,Nordeste
1185,2411700,24,RN,Rio Grande do Norte,Nordeste
1186,2413706,24,RN,Rio Grande do Norte,Nordeste
1187,2406809,24,RN,Rio Grande do Norte,Nordeste
1188,2402808,24,RN,Rio Grande do Norte,Nordeste
1189,2402105,24,RN,Rio Grande do Norte,Nordeste
1190,2405009,24,RN,Rio Grande do Norte,Nordeste
1191,2405405,24,RN,Rio Grande do Norte,Nordeste
1192,2401503,24,RN,Rio Grande do Norte,Nordeste
1193,2406403,24,RN,Rio Grande do Norte,Nordeste
1194,2412906,24,RN,Rio Grande do Norte,Nordeste
1195,2411106,24,RN,Rio Grande do Norte,Nordeste
1196,2406601,24,RN,Rio Grande do Norte,Nordeste
1197,2401701,24,RN,Rio Grande do Norte,Nordeste
1198,2407807,24,RN,Rio Grande do Norte,Nordeste
1199,2404606,24,RN,Rio Grande do Norte,Nordeste
1200,2401800,24,RN,Rio Grande do Norte,Nordeste
1201,2406155,24,RN,Rio Grande do Norte,Nordeste
1202,2414803,24,RN,Rio Grande do Norte,Nordeste
1203,2409209,24,RN,Rio Grande do Norte,Nordeste
1204,2408300,24,RN,Rio Grande do Norte,Nordeste
1205,2414704,24,RN,Rio Grande do Norte,Nordeste
1206,2405306,24,RN,Rio Grande do Norte,Nordeste
1207,2406205,24,RN,Rio Grande do Norte,Nordeste
1208,2409100,24,RN,Rio Grande do Norte,Nordeste
1209,2413508,24,RN,Rio Grande do Norte,Nordeste
1210,2406304,24,RN,Rio Grande do Norte,Nordeste
1211,2411502,24,RN,Rio Grande do Norte,Nordeste
1212,2410306,24,RN,Rio Grande do Norte,Nordeste
1213,2413102,24,RN,Rio Grande do Norte,Nordeste
1214,2409332,24,RN,Rio Grande do Norte,Nordeste
1215,2410900,24,RN,Rio Grande do Norte,Nordeste
1216,2412708,24,RN,Rio Grande do Norte,Nordeste
1217,2412609,24,RN,Rio Grande do Norte,Nordeste
1218,2412559,24,RN,Rio Grande do Norte,Nordeste
1219,2407500,24,RN,Rio Grande do Norte,Nordeste
1220,2410405,24,RN,Rio Grande do Norte,Nordeste
1221,2408953,24,RN,Rio Grande do Norte,Nordeste
1222,2414407,24,RN,Rio Grande do Norte,Nordeste
1223,2413904,24,RN,Rio Grande do Norte,Nordeste
1224,2409506,24,RN,Rio Grande do Norte,Nordeste
1225,2408201,24,RN,Rio Grande do Norte,Nordeste
1226,2412005,24,RN,Rio Grande do Norte,Nordeste
1227,2402600,24,RN,Rio Grande do Norte,Nordeste
1228,2407104,24,RN,Rio Grande do Norte,Nordeste
1229,2412203,24,RN,Rio Grande do Norte,Nordeste
1230,2408102,24,RN,Rio Grande do Norte,Nordeste
1231,2403608,24,RN,Rio Grande do Norte,Nordeste
1232,2403251,24,RN,Rio Grande do Norte,Nordeste
1233,2413201,24,RN,Rio Grande do Norte,Nordeste
1234,2403509,24,RN,Rio Grande do Norte,Nordeste
1235,2415008,24,RN,Rio Grande do Norte,Nordeste
1236,2409803,24,RN,Rio Grande do Norte,Nordeste
1237,2404200,24,RN,Rio Grande do Norte,Nordeste
1238,2401404,24,RN,Rio Grande do Norte,Nordeste
1239,2402204,24,RN,Rio Grande do Norte,Nordeste
1240,2401206,24,RN,Rio Grande do Norte,Nordeste
1241,2407708,24,RN,Rio Grande do Norte,Nordeste
1242,2414209,24,RN,Rio Grande do Norte,Nordeste
1243,2513901,25,PB,Paraíba,Nordeste
1244,2512804,25,PB,Paraíba,Nordeste
1245,2504306,25,PB,Paraíba,Nordeste
1246,2514651,25,PB,Paraíba,Nordeste
1247,2502904,25,PB,Paraíba,Nordeste
1248,2502003,25,PB,Paraíba,Nordeste
1249,2509370,25,PB,Paraíba,Nordeste
1250,2502300,25,PB,Paraíba,Nordeste
1251,2507408,25,PB,Paraíba,Nordeste
1252,2502805,25,PB,Paraíba,Nordeste
1253,2508109,25,PB,Paraíba,Nordeste
1254,2512036,25,PB,Paraíba,Nordeste
1255,2513653,25,PB,Paraíba,Nordeste
1256,2502052,25,PB,Paraíba,Nordeste
1257,2516904,25,PB,Paraíba,Nordeste
1258,2514503,25,PB,Paraíba,Nordeste
1259,2509602,25,PB,Paraíba,Nordeste
1260,2516805,25,PB,Paraíba,Nordeste
1261,2502201,25,PB,Paraíba,Nordeste
1262,2503704,25,PB,Paraíba,Nordeste
1263,2503308,25,PB,Paraíba,Nordeste
1264,2504108,25,PB,Paraíba,Nordeste
1265,2502409,25,PB,Paraíba,Nordeste
1266,2512077,25,PB,Paraíba,Nordeste
1267,2500700,25,PB,Paraíba,Nordeste
1268,2513307,25,PB,Paraíba,Nordeste
1269,2505501,25,PB,Paraíba,Nordeste
1270,2508802,25,PB,Paraíba,Nordeste
1271,2513968,25,PB,Paraíba,Nordeste
1272,2512101,25,PB,Paraíba,Nordeste
1273,2504504,25,PB,Paraíba,Nordeste
1274,2510907,25,PB,Paraíba,Nordeste
1275,2513927,25,PB,Paraíba,Nordeste
1276,2503753,25,PB,Paraíba,Nordeste
1277,2516201,25,PB,Paraíba,Nordeste
1278,2514206,25,PB,Paraíba,Nordeste
1279,2517209,25,PB,Paraíba,Nordeste
1280,2508406,25,PB,Paraíba,Nordeste
1281,2510006,25,PB,Paraíba,Nordeste
1282,2500775,25,PB,Paraíba,Nordeste
1283,2513984,25,PB,Paraíba,Nordeste
1284,2509156,25,PB,Paraíba,Nordeste
1285,2513208,25,PB,Paraíba,Nordeste
1286,2508703,25,PB,Paraíba,Nordeste
1287,2503407,25,PB,Paraíba,Nordeste
1288,2513802,25,PB,Paraíba,Nordeste
1289,2510808,25,PB,Paraíba,Nordeste
1290,2514602,25,PB,Paraíba,Nordeste
1291,2501153,25,PB,Paraíba,Nordeste
1292,2510709,25,PB,Paraíba,Nordeste
1293,2512606,25,PB,Paraíba,Nordeste
1294,2514404,25,PB,Paraíba,Nordeste
1295,2504207,25,PB,Paraíba,Nordeste
1296,2504801,25,PB,Paraíba,Nordeste
1297,2510402,25,PB,Paraíba,Nordeste
1298,2505907,25,PB,Paraíba,Nordeste
1299,2513604,25,PB,Paraíba,Nordeste
1300,2502607,25,PB,Paraíba,Nordeste
1301,2511301,25,PB,Paraíba,Nordeste
1302,2500205,25,PB,Paraíba,Nordeste
1303,2510204,25,PB,Paraíba,Nordeste
1304,2513356,25,PB,Paraíba,Nordeste
1305,2511004,25,PB,Paraíba,Nordeste
1306,2504405,25,PB,Paraíba,Nordeste
1307,2513505,25,PB,Paraíba,Nordeste
1308,2507002,25,PB,Paraíba,Nordeste
1309,2505600,25,PB,Paraíba,Nordeste
1310,2502102,25,PB,Paraíba,Nordeste
1311,2506608,25,PB,Paraíba,Nordeste
1312,2505303,25,PB,Paraíba,Nordeste
1313,2514305,25,PB,Paraíba,Nordeste
1314,2515708,25,PB,Paraíba,Nordeste
1315,2509396,25,PB,Paraíba,Nordeste
1316,2503555,25,PB,Paraíba,Nordeste
1317,2500106,25,PB,Paraíba,Nordeste
1318,2505402,25,PB,Paraíba,Nordeste
1319,2516706,25,PB,Paraíba,Nordeste
1320,2506707,25,PB,Paraíba,Nordeste
1321,2508000,25,PB,Paraíba,Nordeste
1322,2516607,25,PB,Paraíba,Nordeste
1323,2512309,25,PB,Paraíba,Nordeste
1324,2514552,25,PB,Paraíba,Nordeste
1325,2509008,25,PB,Paraíba,Nordeste
1326,2507804,25,PB,Paraíba,Nordeste
1327,2514909,25,PB,Paraíba,Nordeste
1328,2517100,25,PB,Paraíba,Nordeste
1329,2514701,25,PB,Paraíba,Nordeste
1330,2513406,25,PB,Paraíba,Nordeste
1331,2513000,25,PB,Paraíba,Nordeste
1332,2516755,25,PB,Paraíba,Nordeste
1333,2515401,25,PB,Paraíba,Nordeste
1334,2507705,25,PB,Paraíba,Nordeste
1335,2505006,25,PB,Paraíba,Nordeste
1336,2511400,25,PB,Paraíba,Nordeste
1337,2511103,25,PB,Paraíba,Nordeste
1338,2506202,25,PB,Paraíba,Nordeste
1339,2501534,25,PB,Paraíba,Nordeste
1340,2510303,25,PB,Paraíba,Nordeste
1341,2516508,25,PB,Paraíba,Nordeste
1342,2501351,25,PB,Paraíba,Nordeste
1343,2509701,25,PB,Paraíba,Nordeste
1344,2517407,25,PB,Paraíba,Nordeste
1345,2512200,25,PB,Paraíba,Nordeste
1346,2514107,25,PB,Paraíba,Nordeste
1347,2515203,25,PB,Paraíba,Nordeste
1348,2503902,25,PB,Paraíba,Nordeste
1349,2510600,25,PB,Paraíba,Nordeste
1350,2516300,25,PB,Paraíba,Nordeste
1351,2504850,25,PB,Paraíba,Nordeste
1352,2500734,25,PB,Paraíba,Nordeste
1353,2510659,25,PB,Paraíba,Nordeste
1354,2515500,25,PB,Paraíba,Nordeste
1355,2508505,25,PB,Paraíba,Nordeste
1356,2514800,25,PB,Paraíba,Nordeste
1357,2504702,25,PB,Paraíba,Nordeste
1358,2513943,25,PB,Paraíba,Nordeste
1359,2513851,25,PB,Paraíba,Nordeste
1360,2512788,25,PB,Paraíba,Nordeste
1361,2514008,25,PB,Paraíba,Nordeste
1362,2501708,25,PB,Paraíba,Nordeste
1363,2504355,25,PB,Paraíba,Nordeste
1364,2503100,25,PB,Paraíba,Nordeste
1365,2500536,25,PB,Paraíba,Nordeste
1366,2504074,25,PB,Paraíba,Nordeste
1367,2502508,25,PB,Paraíba,Nordeste
1368,2501575,25,PB,Paraíba,Nordeste
1369,2506509,25,PB,Paraíba,Nordeste
1370,2500908,25,PB,Paraíba,Nordeste
1371,2516102,25,PB,Paraíba,Nordeste
1372,2510501,25,PB,Paraíba,Nordeste
1373,2512002,25,PB,Paraíba,Nordeste
1374,2500577,25,PB,Paraíba,Nordeste
1375,2512705,25,PB,Paraíba,Nordeste
1376,2505352,25,PB,Paraíba,Nordeste
1377,2501609,25,PB,Paraíba,Nordeste
1378,2510105,25,PB,Paraíba,Nordeste
1379,2505105,25,PB,Paraíba,Nordeste
1380,2516151,25,PB,Paraíba,Nordeste
1381,2516409,25,PB,Paraíba,Nordeste
1382,2505709,25,PB,Paraíba,Nordeste
1383,2516003,25,PB,Paraíba,Nordeste
1384,2512747,25,PB,Paraíba,Nordeste
1385,2501005,25,PB,Paraíba,Nordeste
1386,2504157,25,PB,Paraíba,Nordeste
1387,2503506,25,PB,Paraíba,Nordeste
1388,2509503,25,PB,Paraíba,Nordeste
1389,2501203,25,PB,Paraíba,Nordeste
1390,2506004,25,PB,Paraíba,Nordeste
1391,2515104,25,PB,Paraíba,Nordeste
1392,2502706,25,PB,Paraíba,Nordeste
1393,2511608,25,PB,Paraíba,Nordeste
1394,2501500,25,PB,Paraíba,Nordeste
1395,2515906,25,PB,Paraíba,Nordeste
1396,2500403,25,PB,Paraíba,Nordeste
1397,2501104,25,PB,Paraíba,Nordeste
1398,2500304,25,PB,Paraíba,Nordeste
1399,2509339,25,PB,Paraíba,Nordeste
1400,2500502,25,PB,Paraíba,Nordeste
1401,2515609,25,PB,Paraíba,Nordeste
1402,2515930,25,PB,Paraíba,Nordeste
1403,2503605,25,PB,Paraíba,Nordeste
1404,2511806,25,PB,Paraíba,Nordeste
1405,2506301,25,PB,Paraíba,Nordeste
1406,2508554,25,PB,Paraíba,Nordeste
1407,2505808,25,PB,Paraíba,Nordeste
1408,2505204,25,PB,Paraíba,Nordeste
1409,2508208,25,PB,Paraíba,Nordeste
1410,2501906,25,PB,Paraíba,Nordeste
1411,2511707,25,PB,Paraíba,Nordeste
1412,2509800,25,PB,Paraíba,Nordeste
1413,2500809,25,PB,Paraíba,Nordeste
1414,2512408,25,PB,Paraíba,Nordeste
1415,2512507,25,PB,Paraíba,Nordeste
1416,2504009,25,PB,Paraíba,Nordeste
1417,2506103,25,PB,Paraíba,Nordeste
1418,2508307,25,PB,Paraíba,Nordeste
1419,2509206,25,PB,Paraíba,Nordeste
1420,2515807,25,PB,Paraíba,Nordeste
1421,2502151,25,PB,Paraíba,Nordeste
1422,2506400,25,PB,Paraíba,Nordeste
1423,2507606,25,PB,Paraíba,Nordeste
1424,2503803,25,PB,Paraíba,Nordeste
1425,2513109,25,PB,Paraíba,Nordeste
1426,2506905,25,PB,Paraíba,Nordeste
1427,2509404,25,PB,Paraíba,Nordeste
1428,2512754,25,PB,Paraíba,Nordeste
1429,2507200,25,PB,Paraíba,Nordeste
1430,2506806,25,PB,Paraíba,Nordeste
1431,2509909,25,PB,Paraíba,Nordeste
1432,2501302,25,PB,Paraíba,Nordeste
1433,2506251,25,PB,Paraíba,Nordeste
1434,2513158,25,PB,Paraíba,Nordeste
1435,2517001,25,PB,Paraíba,Nordeste
1436,2505238,25,PB,Paraíba,Nordeste
1437,2508901,25,PB,Paraíba,Nordeste
1438,2512903,25,PB,Paraíba,Nordeste
1439,2509057,25,PB,Paraíba,Nordeste
1440,2504033,25,PB,Paraíba,Nordeste
1441,2512721,25,PB,Paraíba,Nordeste
1442,2509305,25,PB,Paraíba,Nordeste
1443,2507101,25,PB,Paraíba,Nordeste
1444,2501401,25,PB,Paraíba,Nordeste
1445,2505279,25,PB,Paraíba,Nordeste
1446,2507309,25,PB,Paraíba,Nordeste
1447,2515971,25,PB,Paraíba,Nordeste
1448,2511509,25,PB,Paraíba,Nordeste
1449,2515302,25,PB,Paraíba,Nordeste
1450,2512762,25,PB,Paraíba,Nordeste
1451,2507903,25,PB,Paraíba,Nordeste
1452,2509107,25,PB,Paraíba,Nordeste
1453,2504900,25,PB,Paraíba,Nordeste
1454,2515005,25,PB,Paraíba,Nordeste
1455,2514453,25,PB,Paraíba,Nordeste
1456,2507507,25,PB,Paraíba,Nordeste
1457,2508604,25,PB,Paraíba,Nordeste
1458,2503209,25,PB,Paraíba,Nordeste
1459,2513703,25,PB,Paraíba,Nordeste
1460,2504603,25,PB,Paraíba,Nordeste
1461,2501807,25,PB,Paraíba,Nordeste
1462,2511202,25,PB,Paraíba,Nordeste
1463,2511905,25,PB,Paraíba,Nordeste
1464,2503001,25,PB,Paraíba,Nordeste
1465,2500601,25,PB,Paraíba,Nordeste
1466,2612455,26,PE,Pernambuco,Nordeste
1467,2605301,26,PE,Pernambuco,Nordeste
1468,2607307,26,PE,Pernambuco,Nordeste
1469,2612554,26,PE,Pernambuco,Nordeste
1470,2614303,26,PE,Pernambuco,Nordeste
1471,2602001,26,PE,Pernambuco,Nordeste
1472,2615607,26,PE,Pernambuco,Nordeste
1473,2601102,26,PE,Pernambuco,Nordeste
1474,2606309,26,PE,Pernambuco,Nordeste
1475,2609907,26,PE,Pernambuco,Nordeste
1476,2613503,26,PE,Pernambuco,Nordeste
1477,2609303,26,PE,Pernambuco,Nordeste
1478,2612208,26,PE,Pernambuco,Nordeste
1479,2604304,26,PE,Pernambuco,Nordeste
1480,2614006,26,PE,Pernambuco,Nordeste
1481,2616100,26,PE,Pernambuco,Nordeste
1482,2610400,26,PE,Pernambuco,Nordeste
1483,2615706,26,PE,Pernambuco,Nordeste
1484,2612471,26,PE,Pernambuco,Nordeste
1485,2605608,26,PE,Pernambuco,Nordeste
1486,2603405,26,PE,Pernambuco,Nordeste
1487,2613909,26,PE,Pernambuco,Nordeste
1488,2603900,26,PE,Pernambuco,Nordeste
1489,2613602,26,PE,Pernambuco,Nordeste
1490,2607109,26,PE,Pernambuco,Nordeste
1491,2607703,26,PE,Pernambuco,Nordeste
1492,2614600,26,PE,Pernambuco,Nordeste
1493,2614402,26,PE,Pernambuco,Nordeste
1494,2612802,26,PE,Pernambuco,Nordeste
1495,2600104,26,PE,Pernambuco,Nordeste
1496,2606903,26,PE,Pernambuco,Nordeste
1497,2602506,26,PE,Pernambuco,Nordeste
1498,2611533,26,PE,Pernambuco,Nordeste
1499,2615904,26,PE,Pernambuco,Nordeste
1500,2605103,26,PE,Pernambuco,Nordeste
1501,2609154,26,PE,Pernambuco,Nordeste
1502,2614105,26,PE,Pernambuco,Nordeste
1503,2606606,26,PE,Pernambuco,Nordeste
1504,2607000,26,PE,Pernambuco,Nordeste
1505,2601201,26,PE,Pernambuco,Nordeste
1506,2601805,26,PE,Pernambuco,Nordeste
1507,2609808,26,PE,Pernambuco,Nordeste
1508,2600203,26,PE,Pernambuco,Nordeste
1509,2611101,26,PE,Pernambuco,Nordeste
1510,2612604,26,PE,Pernambuco,Nordeste
1511,2605152,26,PE,Pernambuco,Nordeste
1512,2608750,26,PE,Pernambuco,Nordeste
1513,2603009,26,PE,Pernambuco,Nordeste
1514,2615201,26,PE,Pernambuco,Nordeste
1515,2608057,26,PE,Pernambuco,Nordeste
1516,2603926,26,PE,Pernambuco,Nordeste
1517,2605707,26,PE,Pernambuco,Nordeste
1518,2614808,26,PE,Pernambuco,Nordeste
1519,2611002,26,PE,Pernambuco,Nordeste
1520,2601607,26,PE,Pernambuco,Nordeste
1521,2607406,26,PE,Pernambuco,Nordeste
1522,2600500,26,PE,Pernambuco,Nordeste
1523,2607505,26,PE,Pernambuco,Nordeste
1524,2602803,26,PE,Pernambuco,Nordeste
1525,2616001,26,PE,Pernambuco,Nordeste
1526,2615805,26,PE,Pernambuco,Nordeste
1527,2610806,26,PE,Pernambuco,Nordeste
1528,2602605,26,PE,Pernambuco,Nordeste
1529,2604106,26,PE,Pernambuco,Nordeste
1530,2611705,26,PE,Pernambuco,Nordeste
1531,2613107,26,PE,Pernambuco,Nordeste
1532,2601904,26,PE,Pernambuco,Nordeste
1533,2606408,26,PE,Pernambuco,Nordeste
1534,2603108,26,PE,Pernambuco,Nordeste
1535,2608008,26,PE,Pernambuco,Nordeste
1536,2603801,26,PE,Pernambuco,Nordeste
1537,2611200,26,PE,Pernambuco,Nordeste
1538,2613008,26,PE,Pernambuco,Nordeste
1539,2610905,26,PE,Pernambuco,Nordeste
1540,2600609,26,PE,Pernambuco,Nordeste
1541,2614709,26,PE,Pernambuco,Nordeste
1542,2612406,26,PE,Pernambuco,Nordeste
1543,2601706,26,PE,Pernambuco,Nordeste
1544,2616183,26,PE,Pernambuco,Nordeste
1545,2605806,26,PE,Pernambuco,Nordeste
1546,2616209,26,PE,Pernambuco,Nordeste
1547,2614501,26,PE,Pernambuco,Nordeste
1548,2612703,26,PE,Pernambuco,Nordeste
1549,2604155,26,PE,Pernambuco,Nordeste
1550,2615409,26,PE,Pernambuco,Nordeste
1551,2615003,26,PE,Pernambuco,Nordeste
1552,2612505,26,PE,Pernambuco,Nordeste
1553,2613800,26,PE,Pernambuco,Nordeste
1554,2608107,26,PE,Pernambuco,Nordeste
1555,2602209,26,PE,Pernambuco,Nordeste
1556,2612109,26,PE,Pernambuco,Nordeste
1557,2609105,26,PE,Pernambuco,Nordeste
1558,2610509,26,PE,Pernambuco,Nordeste
1559,2605400,26,PE,Pernambuco,Nordeste
1560,2609709,26,PE,Pernambuco,Nordeste
1561,2608909,26,PE,Pernambuco,Nordeste
1562,2604908,26,PE,Pernambuco,Nordeste
1563,2608800,26,PE,Pernambuco,Nordeste
1564,2601003,26,PE,Pernambuco,Nordeste
1565,2610103,26,PE,Pernambuco,Nordeste
1566,2602407,26,PE,Pernambuco,Nordeste
1567,2613206,26,PE,Pernambuco,Nordeste
1568,2602100,26,PE,Pernambuco,Nordeste
1569,2610301,26,PE,Pernambuco,Nordeste
1570,2608305,26,PE,Pernambuco,Nordeste
1571,2604700,26,PE,Pernambuco,Nordeste
1572,2615102,26,PE,Pernambuco,Nordeste
1573,2606507,26,PE,Pernambuco,Nordeste
1574,2603702,26,PE,Pernambuco,Nordeste
1575,2608602,26,PE,Pernambuco,Nordeste
1576,2603306,26,PE,Pernambuco,Nordeste
1577,2606002,26,PE,Pernambuco,Nordeste
1578,2612307,26,PE,Pernambuco,Nordeste
1579,2608255,26,PE,Pernambuco,Nordeste
1580,2603207,26,PE,Pernambuco,Nordeste
1581,2608404,26,PE,Pernambuco,Nordeste
1582,2600807,26,PE,Pernambuco,Nordeste
1583,2606705,26,PE,Pernambuco,Nordeste
1584,2605004,26,PE,Pernambuco,Nordeste
1585,2610202,26,PE,Pernambuco,Nordeste
1586,2600302,26,PE,Pernambuco,Nordeste
1587,2601300,26,PE,Pernambuco,Nordeste
1588,2603504,26,PE,Pernambuco,Nordeste
1589,2613305,26,PE,Pernambuco,Nordeste
1590,2602308,26,PE,Pernambuco,Nordeste
1591,2608701,26,PE,Pernambuco,Nordeste
1592,2612000,26,PE,Pernambuco,Nordeste
1593,2610608,26,PE,Pernambuco,Nordeste
1594,2616308,26,PE,Pernambuco,Nordeste
1595,2600708,26,PE,Pernambuco,Nordeste
1596,2609006,26,PE,Pernambuco,Nordeste
1597,2607653,26,PE,Pernambuco,Nordeste
1598,2615300,26,PE,Pernambuco,Nordeste
1599,2604601,26,PE,Pernambuco,Nordeste
1600,2607802,26,PE,Pernambuco,Nordeste
1601,2605509,26,PE,Pernambuco,Nordeste
1602,2606200,26,PE,Pernambuco,Nordeste
1603,2603603,26,PE,Pernambuco,Nordeste
1604,2602704,26,PE,Pernambuco,Nordeste
1605,2615508,26,PE,Pernambuco,Nordeste
1606,2608503,26,PE,Pernambuco,Nordeste
1607,2608453,26,PE,Pernambuco,Nordeste
1608,2609501,26,PE,Pernambuco,Nordeste
1609,2604007,26,PE,Pernambuco,Nordeste
1610,2611309,26,PE,Pernambuco,Nordeste
1611,2606101,26,PE,Pernambuco,Nordeste
1612,2616407,26,PE,Pernambuco,Nordeste
1613,2604403,26,PE,Pernambuco,Nordeste
1614,2604502,26,PE,Pernambuco,Nordeste
1615,2605905,26,PE,Pernambuco,Nordeste
1616,2609204,26,PE,Pernambuco,Nordeste
1617,2616506,26,PE,Pernambuco,Nordeste
1618,2601508,26,PE,Pernambuco,Nordeste
1619,2600401,26,PE,Pernambuco,Nordeste
1620,2612901,26,PE,Pernambuco,Nordeste
1621,2610004,26,PE,Pernambuco,Nordeste
1622,2608206,26,PE,Pernambuco,Nordeste
1623,2607950,26,PE,Pernambuco,Nordeste
1624,2604205,26,PE,Pernambuco,Nordeste
1625,2611903,26,PE,Pernambuco,Nordeste
1626,2614204,26,PE,Pernambuco,Nordeste
1627,2613404,26,PE,Pernambuco,Nordeste
1628,2614857,26,PE,Pernambuco,Nordeste
1629,2601409,26,PE,Pernambuco,Nordeste
1630,2611507,26,PE,Pernambuco,Nordeste
1631,2605202,26,PE,Pernambuco,Nordeste
1632,2604809,26,PE,Pernambuco,Nordeste
1633,2600906,26,PE,Pernambuco,Nordeste
1634,2611408,26,PE,Pernambuco,Nordeste
1635,2611804,26,PE,Pernambuco,Nordeste
1636,2601052,26,PE,Pernambuco,Nordeste
1637,2607752,26,PE,Pernambuco,Nordeste
1638,2607604,26,PE,Pernambuco,Nordeste
1639,2606804,26,PE,Pernambuco,Nordeste
1640,2603454,26,PE,Pernambuco,Nordeste
1641,2613701,26,PE,Pernambuco,Nordeste
1642,2609600,26,PE,Pernambuco,Nordeste
1643,2611606,26,PE,Pernambuco,Nordeste
1644,2610707,26,PE,Pernambuco,Nordeste
1645,2600054,26,PE,Pernambuco,Nordeste
1646,2607901,26,PE,Pernambuco,Nordeste
1647,2609402,26,PE,Pernambuco,Nordeste
1648,2602902,26,PE,Pernambuco,Nordeste
1649,2607208,26,PE,Pernambuco,Nordeste
1650,2605459,26,PE,Pernambuco,Nordeste
1651,2700102,27,AL,Alagoas,Nordeste
1652,2703304,27,AL,Alagoas,Nordeste
1653,2706422,27,AL,Alagoas,Nordeste
1654,2705002,27,AL,Alagoas,Nordeste
1655,2701605,27,AL,Alagoas,Nordeste
1656,2702405,27,AL,Alagoas,Nordeste
1657,2705804,27,AL,Alagoas,Nordeste
1658,2707107,27,AL,Alagoas,Nordeste
1659,2708956,27,AL,Alagoas,Nordeste
1660,2702504,27,AL,Alagoas,Nordeste
1661,2707206,27,AL,Alagoas,Nordeste
1662,2704609,27,AL,Alagoas,Nordeste
1663,2706109,27,AL,Alagoas,Nordeste
1664,2708006,27,AL,Alagoas,Nordeste
1665,2701803,27,AL,Alagoas,Nordeste
1666,2706406,27,AL,Alagoas,Nordeste
1667,2708402,27,AL,Alagoas,Nordeste
1668,2706208,27,AL,Alagoas,Nordeste
1669,2703700,27,AL,Alagoas,Nordeste
1670,2704401,27,AL,Alagoas,Nordeste
1671,2706000,27,AL,Alagoas,Nordeste
1672,2700706,27,AL,Alagoas,Nordeste
1673,2705705,27,AL,Alagoas,Nordeste
1674,2705408,27,AL,Alagoas,Nordeste
1675,2700904,27,AL,Alagoas,Nordeste
1676,2703403,27,AL,Alagoas,Nordeste
1677,2704906,27,AL,Alagoas,Nordeste
1678,2704807,27,AL,Alagoas,Nordeste
1679,2709004,27,AL,Alagoas,Nordeste
1680,2700805,27,AL,Alagoas,Nordeste
1681,2702553,27,AL,Alagoas,Nordeste
1682,2701209,27,AL,Alagoas,Nordeste
1683,2706307,27,AL,Alagoas,Nordeste
1684,2705309,27,AL,Alagoas,Nordeste
1685,2706604,27,AL,Alagoas,Nordeste
1686,2703106,27,AL,Alagoas,Nordeste
1687,2707602,27,AL,Alagoas,Nordeste
1688,2702603,27,AL,Alagoas,Nordeste
1689,2702009,27,AL,Alagoas,Nordeste
1690,2708808,27,AL,Alagoas,Nordeste
1691,2709103,27,AL,Alagoas,Nordeste
1692,2702355,27,AL,Alagoas,Nordeste
1693,2700300,27,AL,Alagoas,Nordeste
1694,2702900,27,AL,Alagoas,Nordeste
1695,2704104,27,AL,Alagoas,Nordeste
1696,2701506,27,AL,Alagoas,Nordeste
1697,2704203,27,AL,Alagoas,Nordeste
1698,2708204,27,AL,Alagoas,Nordeste
1699,2709202,27,AL,Alagoas,Nordeste
1700,2705903,27,AL,Alagoas,Nordeste
1701,2708303,27,AL,Alagoas,Nordeste
1702,2709301,27,AL,Alagoas,Nordeste
1703,2703007,27,AL,Alagoas,Nordeste
1704,2708105,27,AL,Alagoas,Nordeste
1705,2707008,27,AL,Alagoas,Nordeste
1706,2709400,27,AL,Alagoas,Nordeste
1707,2701902,27,AL,Alagoas,Nordeste
1708,2702801,27,AL,Alagoas,Nordeste
1709,2705200,27,AL,Alagoas,Nordeste
1710,2703809,27,AL,Alagoas,Nordeste
1711,2705101,27,AL,Alagoas,Nordeste
1712,2708501,27,AL,Alagoas,Nordeste
1713,2701357,27,AL,Alagoas,Nordeste
1714,2702108,27,AL,Alagoas,Nordeste
1715,2703908,27,AL,Alagoas,Nordeste
1716,2707305,27,AL,Alagoas,Nordeste
1717,2705606,27,AL,Alagoas,Nordeste
1718,2703502,27,AL,Alagoas,Nordeste
1719,2705507,27,AL,Alagoas,Nordeste
1720,2701100,27,AL,Alagoas,Nordeste
1721,2700409,27,AL,Alagoas,Nordeste
1722,2701308,27,AL,Alagoas,Nordeste
1723,2701704,27,AL,Alagoas,Nordeste
1724,2706505,27,AL,Alagoas,Nordeste
1725,2703601,27,AL,Alagoas,Nordeste
1726,2707404,27,AL,Alagoas,Nordeste
1727,2708709,27,AL,Alagoas,Nordeste
1728,2704500,27,AL,Alagoas,Nordeste
1729,2700607,27,AL,Alagoas,Nordeste
1730,2702207,27,AL,Alagoas,Nordeste
1731,2707701,27,AL,Alagoas,Nordeste
1732,2707909,27,AL,Alagoas,Nordeste
1733,2700508,27,AL,Alagoas,Nordeste
1734,2704708,27,AL,Alagoas,Nordeste
1735,2708907,27,AL,Alagoas,Nordeste
1736,2704302,27,AL,Alagoas,Nordeste
1737,2706448,27,AL,Alagoas,Nordeste
1738,2706901,27,AL,Alagoas,Nordeste
1739,2702306,27,AL,Alagoas,Nordeste
1740,2701001,27,AL,Alagoas,Nordeste
1741,2700201,27,AL,Alagoas,Nordeste
1742,2707800,27,AL,Alagoas,Nordeste
1743,2703759,27,AL,Alagoas,Nordeste
1744,2701407,27,AL,Alagoas,Nordeste
1745,2708600,27,AL,Alagoas,Nordeste
1746,2709152,27,AL,Alagoas,Nordeste
1747,2704005,27,AL,Alagoas,Nordeste
1748,2706802,27,AL,Alagoas,Nordeste
1749,2702702,27,AL,Alagoas,Nordeste
1750,2706703,27,AL,Alagoas,Nordeste
1751,2707503,27,AL,Alagoas,Nordeste
1752,2703205,27,AL,Alagoas,Nordeste
1753,2802205,28,SE,Sergipe,Nordeste
1754,2804508,28,SE,Sergipe,Nordeste
1755,2803104,28,SE,Sergipe,Nordeste
1756,2802601,28,SE,Sergipe,Nordeste
1757,2805604,28,SE,Sergipe,Nordeste
1758,2802403,28,SE,Sergipe,Nordeste
1759,2805406,28,SE,Sergipe,Nordeste
1760,2801207,28,SE,Sergipe,Nordeste
1761,2804201,28,SE,Sergipe,Nordeste
1762,2802304,28,SE,Sergipe,Nordeste
1763,2804458,28,SE,Sergipe,Nordeste
1764,2801405,28,SE,Sergipe,Nordeste
1765,2805208,28,SE,Sergipe,Nordeste
1766,2805000,28,SE,Sergipe,Nordeste
1767,2806008,28,SE,Sergipe,Nordeste
1768,2804607,28,SE,Sergipe,Nordeste
1769,2801900,28,SE,Sergipe,Nordeste
1770,2800209,28,SE,Sergipe,Nordeste
1771,2803807,28,SE,Sergipe,Nordeste
1772,2804300,28,SE,Sergipe,Nordeste
1773,2807006,28,SE,Sergipe,Nordeste
1774,2803708,28,SE,Sergipe,Nordeste
1775,2802908,28,SE,Sergipe,Nordeste
1776,2806800,28,SE,Sergipe,Nordeste
1777,2801009,28,SE,Sergipe,Nordeste
1778,2803906,28,SE,Sergipe,Nordeste
1779,2804102,28,SE,Sergipe,Nordeste
1780,2800506,28,SE,Sergipe,Nordeste
1781,2807105,28,SE,Sergipe,Nordeste
1782,2807402,28,SE,Sergipe,Nordeste
1783,2805505,28,SE,Sergipe,Nordeste
1784,2805802,28,SE,Sergipe,Nordeste
1785,2803500,28,SE,Sergipe,Nordeste
1786,2804706,28,SE,Sergipe,Nordeste
1787,2800704,28,SE,Sergipe,Nordeste
1788,2801108,28,SE,Sergipe,Nordeste
1789,2807303,28,SE,Sergipe,Nordeste
1790,2806404,28,SE,Sergipe,Nordeste
1791,2801603,28,SE,Sergipe,Nordeste
1792,2805703,28,SE,Sergipe,Nordeste
1793,2804409,28,SE,Sergipe,Nordeste
1794,2800100,28,SE,Sergipe,Nordeste
1795,2802700,28,SE,Sergipe,Nordeste
1796,2802007,28,SE,Sergipe,Nordeste
1797,2806503,28,SE,Sergipe,Nordeste
1798,2807204,28,SE,Sergipe,Nordeste
1799,2801306,28,SE,Sergipe,Nordeste
1800,2803302,28,SE,Sergipe,Nordeste
1801,2805307,28,SE,Sergipe,Nordeste
1802,2803401,28,SE,Sergipe,Nordeste
1803,2806909,28,SE,Sergipe,Nordeste
1804,2804904,28,SE,Sergipe,Nordeste
1805,2805901,28,SE,Sergipe,Nordeste
1806,2804003,28,SE,Sergipe,Nordeste
1807,2803609,28,SE,Sergipe,Nordeste
1808,2806107,28,SE,Sergipe,Nordeste
1809,2806602,28,SE,Sergipe,Nordeste
1810,2801504,28,SE,Sergipe,Nordeste
1811,2802502,28,SE,Sergipe,Nordeste
1812,2800308,28,SE,Sergipe,Nordeste
1813,2804805,28,SE,Sergipe,Nordeste
1814,2800605,28,SE,Sergipe,Nordeste
1815,2806701,28,SE,Sergipe,Nordeste
1816,2800407,28,SE,Sergipe,Nordeste
1817,2800670,28,SE,Sergipe,Nordeste
1818,2807501,28,SE,Sergipe,Nordeste
1819,2803005,28,SE,Sergipe,Nordeste
1820,2805109,28,SE,Sergipe,Nordeste
1821,2801702,28,SE,Sergipe,Nordeste
1822,2807600,28,SE,Sergipe,Nordeste
1823,2806206,28,SE,Sergipe,Nordeste
1824,2803203,28,SE,Sergipe,Nordeste
1825,2806305,28,SE,Sergipe,Nordeste
1826,2802809,28,SE,Sergipe,Nordeste
1827,2802106,28,SE,Sergipe,Nordeste
1828,2911105,29,BA,Bahia,Nordeste
1829,2926202,29,BA,Bahia,Nordeste
1830,2907400,29,BA,Bahia,Nordeste
1831,2919553,29,BA,Bahia,Nordeste
1832,2902500,29,BA,Bahia,Nordeste
1833,2928901,29,BA,Bahia,Nordeste
1834,2903201,29,BA,Bahia,Nordeste
1835,2933455,29,BA,Bahia,Nordeste
1836,2901403,29,BA,Bahia,Nordeste
1837,2909703,29,BA,Bahia,Nordeste
1838,2909406,29,BA,Bahia,Nordeste
1839,2904407,29,BA,Bahia,Nordeste
1840,2930907,29,BA,Bahia,Nordeste
1841,2920452,29,BA,Bahia,Nordeste
1842,2928406,29,BA,Bahia,Nordeste
1843,2928208,29,BA,Bahia,Nordeste
1844,2930303,29,BA,Bahia,Nordeste
1845,2929057,29,BA,Bahia,Nordeste
1846,2909307,29,BA,Bahia,Nordeste
1847,2908101,29,BA,Bahia,Nordeste
1848,2928109,29,BA,Bahia,Nordeste
1849,2906105,29,BA,Bahia,Nordeste
1850,2909109,29,BA,Bahia,Nordeste
1851,2917359,29,BA,Bahia,Nordeste
1852,2924405,29,BA,Bahia,Nordeste
1853,2918407,29,BA,Bahia,Nordeste
1854,2926004,29,BA,Bahia,Nordeste
1855,2909901,29,BA,Bahia,Nordeste
1856,2930774,29,BA,Bahia,Nordeste
1857,2905909,29,BA,Bahia,Nordeste
1858,2930204,29,BA,Bahia,Nordeste
1859,2907202,29,BA,Bahia,Nordeste
1860,2924009,29,BA,Bahia,Nordeste
1861,2907707,29,BA,Bahia,Nordeste
1862,2919900,29,BA,Bahia,Nordeste
1863,2911402,29,BA,Bahia,Nordeste
1864,2900207,29,BA,Bahia,Nordeste
1865,2927101,29,BA,Bahia,Nordeste
1866,2915353,29,BA,Bahia,Nordeste
1867,2913200,29,BA,Bahia,Nordeste
1868,2904753,29,BA,Bahia,Nordeste
1869,2933604,29,BA,Bahia,Nordeste
1870,2921609,29,BA,Bahia,Nordeste
1871,2902708,29,BA,Bahia,Nordeste
1872,2922250,29,BA,Bahia,Nordeste
1873,2910776,29,BA,Bahia,Nordeste
1874,2907103,29,BA,Bahia,Nordeste
1875,2930154,29,BA,Bahia,Nordeste
1876,2930758,29,BA,Bahia,Nordeste
1877,2903904,29,BA,Bahia,Nordeste
1878,2923704,29,BA,Bahia,Nordeste
1879,2901353,29,BA,Bahia,Nordeste
1880,2910859,29,BA,Bahia,Nordeste
1881,2901809,29,BA,Bahia,Nordeste
1882,2924603,29,BA,Bahia,Nordeste
1883,2917003,29,BA,Bahia,Nordeste
1884,2930105,29,BA,Bahia,Nordeste
1885,2917706,29,BA,Bahia,Nordeste
1886,2906006,29,BA,Bahia,Nordeste
1887,2932457,29,BA,Bahia,Nordeste
1888,2907608,29,BA,Bahia,Nordeste
1889,2901155,29,BA,Bahia,Nordeste
1890,2914604,29,BA,Bahia,Nordeste
1891,2918357,29,BA,Bahia,Nordeste
1892,2919157,29,BA,Bahia,Nordeste
1893,2906204,29,BA,Bahia,Nordeste
1894,2922052,29,BA,Bahia,Nordeste
1895,2903003,29,BA,Bahia,Nordeste
1896,2905305,29,BA,Bahia,Nordeste
1897,2929255,29,BA,Bahia,Nordeste
1898,2912400,29,BA,Bahia,Nordeste
1899,2918506,29,BA,Bahia,Nordeste
1900,2903235,29,BA,Bahia,Nordeste
1901,2932408,29,BA,Bahia,Nordeste
1902,2925600,29,BA,Bahia,Nordeste
1903,2913101,29,BA,Bahia,Nordeste
1904,2911303,29,BA,Bahia,Nordeste
1905,2914406,29,BA,Bahia,Nordeste
1906,2930808,29,BA,Bahia,Nordeste
1907,2921708,29,BA,Bahia,Nordeste
1908,2925253,29,BA,Bahia,Nordeste
1909,2905503,29,BA,Bahia,Nordeste
1910,2923357,29,BA,Bahia,Nordeste
1911,2921203,29,BA,Bahia,Nordeste
1912,2930600,29,BA,Bahia,Nordeste
1913,2917508,29,BA,Bahia,Nordeste
1914,2929800,29,BA,Bahia,Nordeste
1915,2921401,29,BA,Bahia,Nordeste
1916,2924801,29,BA,Bahia,Nordeste
1917,2905107,29,BA,Bahia,Nordeste
1918,2906873,29,BA,Bahia,Nordeste
1919,2925931,29,BA,Bahia,Nordeste
1920,2929370,29,BA,Bahia,Nordeste
1921,2933109,29,BA,Bahia,Nordeste
1922,2933158,29,BA,Bahia,Nordeste
1923,2902609,29,BA,Bahia,Nordeste
1924,2919603,29,BA,Bahia,Nordeste
1925,2922102,29,BA,Bahia,Nordeste
1926,2920106,29,BA,Bahia,Nordeste
1927,2933059,29,BA,Bahia,Nordeste
1928,2931301,29,BA,Bahia,Nordeste
1929,2914703,29,BA,Bahia,Nordeste
1930,2903805,29,BA,Bahia,Nordeste
1931,2912608,29,BA,Bahia,Nordeste
1932,2911907,29,BA,Bahia,Nordeste
1933,2927200,29,BA,Bahia,Nordeste
1934,2919009,29,BA,Bahia,Nordeste
1935,2931400,29,BA,Bahia,Nordeste
1936,2924108,29,BA,Bahia,Nordeste
1937,2910305,29,BA,Bahia,Nordeste
1938,2916856,29,BA,Bahia,Nordeste
1939,2928505,29,BA,Bahia,Nordeste
1940,2929305,29,BA,Bahia,Nordeste
1941,2908507,29,BA,Bahia,Nordeste
1942,2900405,29,BA,Bahia,Nordeste
1943,2901700,29,BA,Bahia,Nordeste
1944,2924652,29,BA,Bahia,Nordeste
1945,2925956,29,BA,Bahia,Nordeste
1946,2923308,29,BA,Bahia,Nordeste
1947,2927507,29,BA,Bahia,Nordeste
1948,2930402,29,BA,Bahia,Nordeste
1949,2908200,29,BA,Bahia,Nordeste
1950,2913804,29,BA,Bahia,Nordeste
1951,2931103,29,BA,Bahia,Nordeste
1952,2928307,29,BA,Bahia,Nordeste
1953,2914505,29,BA,Bahia,Nordeste
1954,2928802,29,BA,Bahia,Nordeste
1955,2914000,29,BA,Bahia,Nordeste
1956,2910800,29,BA,Bahia,Nordeste
1957,2908903,29,BA,Bahia,Nordeste
1958,2901502,29,BA,Bahia,Nordeste
1959,2927606,29,BA,Bahia,Nordeste
1960,2930766,29,BA,Bahia,Nordeste
1961,2924207,29,BA,Bahia,Nordeste
1962,2909208,29,BA,Bahia,Nordeste
1963,2918100,29,BA,Bahia,Nordeste
1964,2932002,29,BA,Bahia,Nordeste
1965,2931905,29,BA,Bahia,Nordeste
1966,2906808,29,BA,Bahia,Nordeste
1967,2906824,29,BA,Bahia,Nordeste
1968,2910701,29,BA,Bahia,Nordeste
1969,2925907,29,BA,Bahia,Nordeste
1970,2921500,29,BA,Bahia,Nordeste
1971,2925808,29,BA,Bahia,Nordeste
1972,2922656,29,BA,Bahia,Nordeste
1973,2916500,29,BA,Bahia,Nordeste
1974,2923100,29,BA,Bahia,Nordeste
1975,2902658,29,BA,Bahia,Nordeste
1976,2907905,29,BA,Bahia,Nordeste
1977,2926608,29,BA,Bahia,Nordeste
1978,2926509,29,BA,Bahia,Nordeste
1979,2922904,29,BA,Bahia,Nordeste
1980,2901601,29,BA,Bahia,Nordeste
1981,2911857,29,BA,Bahia,Nordeste
1982,2907806,29,BA,Bahia,Nordeste
1983,2910750,29,BA,Bahia,Nordeste
1984,2900355,29,BA,Bahia,Nordeste
1985,2923803,29,BA,Bahia,Nordeste
1986,2923050,29,BA,Bahia,Nordeste
1987,2919108,29,BA,Bahia,Nordeste
1988,2926301,29,BA,Bahia,Nordeste
1989,2906857,29,BA,Bahia,Nordeste
1990,2911253,29,BA,Bahia,Nordeste
1991,2924058,29,BA,Bahia,Nordeste
1992,2913309,29,BA,Bahia,Nordeste
1993,2906402,29,BA,Bahia,Nordeste
1994,2922730,29,BA,Bahia,Nordeste
1995,2908408,29,BA,Bahia,Nordeste
1996,2933000,29,BA,Bahia,Nordeste
1997,2928000,29,BA,Bahia,Nordeste
1998,2926103,29,BA,Bahia,Nordeste
1999,2928950,29,BA,Bahia,Nordeste
2000,2930501,29,BA,Bahia,Nordeste
2001,2902104,29,BA,Bahia,Nordeste
2002,2903276,29,BA,Bahia,Nordeste
2003,2931509,29,BA,Bahia,Nordeste
2004,2903607,29,BA,Bahia,Nordeste
2005,2913705,29,BA,Bahia,Nordeste
2006,2901908,29,BA,Bahia,Nordeste
2007,2900306,29,BA,Bahia,Nordeste
2008,2927002,29,BA,Bahia,Nordeste
2009,2900702,29,BA,Bahia,Nordeste
2010,2929701,29,BA,Bahia,Nordeste
2011,2902203,29,BA,Bahia,Nordeste
2012,2909604,29,BA,Bahia,Nordeste
2013,2902054,29,BA,Bahia,Nordeste
2014,2910602,29,BA,Bahia,Nordeste
2015,2908606,29,BA,Bahia,Nordeste
2016,2907004,29,BA,Bahia,Nordeste
2017,2917904,29,BA,Bahia,Nordeste
2018,2910503,29,BA,Bahia,Nordeste
2019,2915908,29,BA,Bahia,Nordeste
2020,2907509,29,BA,Bahia,Nordeste
2021,2931707,29,BA,Bahia,Nordeste
2022,2929503,29,BA,Bahia,Nordeste
2023,2925204,29,BA,Bahia,Nordeste
2024,2921005,29,BA,Bahia,Nordeste
2025,2901106,29,BA,Bahia,Nordeste
2026,2929750,29,BA,Bahia,Nordeste
2027,2928604,29,BA,Bahia,Nordeste
2028,2910206,29,BA,Bahia,Nordeste
2029,2933174,29,BA,Bahia,Nordeste
2030,2928703,29,BA,Bahia,Nordeste
2031,2922201,29,BA,Bahia,Nordeste
2032,2929602,29,BA,Bahia,Nordeste
2033,2907301,29,BA,Bahia,Nordeste
2034,2904852,29,BA,Bahia,Nordeste
2035,2904902,29,BA,Bahia,Nordeste
2036,2909802,29,BA,Bahia,Nordeste
2037,2929008,29,BA,Bahia,Nordeste
2038,2908309,29,BA,Bahia,Nordeste
2039,2911600,29,BA,Bahia,Nordeste
2040,2929107,29,BA,Bahia,Nordeste
2041,2922300,29,BA,Bahia,Nordeste
2042,2902302,29,BA,Bahia,Nordeste
2043,2922508,29,BA,Bahia,Nordeste
2044,2917805,29,BA,Bahia,Nordeste
2045,2920601,29,BA,Bahia,Nordeste
2046,2927309,29,BA,Bahia,Nordeste
2047,2910057,29,BA,Bahia,Nordeste
2048,2930709,29,BA,Bahia,Nordeste
2049,2905701,29,BA,Bahia,Nordeste
2050,2927408,29,BA,Bahia,Nordeste
2051,2929206,29,BA,Bahia,Nordeste
2052,2919207,29,BA,Bahia,Nordeste
2053,2906501,29,BA,Bahia,Nordeste
2054,2919926,29,BA,Bahia,Nordeste
2055,2916104,29,BA,Bahia,Nordeste
2056,2933208,29,BA,Bahia,Nordeste
2057,2907558,29,BA,Bahia,Nordeste
2058,2904209,29,BA,Bahia,Nordeste
2059,2931053,29,BA,Bahia,Nordeste
2060,2919801,29,BA,Bahia,Nordeste
2061,2904100,29,BA,Bahia,Nordeste
2062,2912509,29,BA,Bahia,Nordeste
2063,2923209,29,BA,Bahia,Nordeste
2064,2904506,29,BA,Bahia,Nordeste
2065,2914109,29,BA,Bahia,Nordeste
2066,2913002,29,BA,Bahia,Nordeste
2067,2923035,29,BA,Bahia,Nordeste
2068,2912202,29,BA,Bahia,Nordeste
2069,2902807,29,BA,Bahia,Nordeste
2070,2908804,29,BA,Bahia,Nordeste
2071,2918605,29,BA,Bahia,Nordeste
2072,2926707,29,BA,Bahia,Nordeste
2073,2900108,29,BA,Bahia,Nordeste
2074,2904050,29,BA,Bahia,Nordeste
2075,2933406,29,BA,Bahia,Nordeste
2076,2922854,29,BA,Bahia,Nordeste
2077,2901304,29,BA,Bahia,Nordeste
2078,2932804,29,BA,Bahia,Nordeste
2079,2915007,29,BA,Bahia,Nordeste
2080,2921906,29,BA,Bahia,Nordeste
2081,2923506,29,BA,Bahia,Nordeste
2082,2904001,29,BA,Bahia,Nordeste
2083,2929909,29,BA,Bahia,Nordeste
2084,2919306,29,BA,Bahia,Nordeste
2085,2924306,29,BA,Bahia,Nordeste
2086,2901007,29,BA,Bahia,Nordeste
2087,2932101,29,BA,Bahia,Nordeste
2088,2918803,29,BA,Bahia,Nordeste
2089,2904308,29,BA,Bahia,Nordeste
2090,2929404,29,BA,Bahia,Nordeste
2091,2921302,29,BA,Bahia,Nordeste
2092,2918209,29,BA,Bahia,Nordeste
2093,2922805,29,BA,Bahia,Nordeste
2094,2922409,29,BA,Bahia,Nordeste
2095,2914307,29,BA,Bahia,Nordeste
2096,2927903,29,BA,Bahia,Nordeste
2097,2917607,29,BA,Bahia,Nordeste
2098,2900603,29,BA,Bahia,Nordeste
2099,2914208,29,BA,Bahia,Nordeste
2100,2909505,29,BA,Bahia,Nordeste
2101,2901957,29,BA,Bahia,Nordeste
2102,2920502,29,BA,Bahia,Nordeste
2103,2918704,29,BA,Bahia,Nordeste
2104,2918308,29,BA,Bahia,Nordeste
2105,2916708,29,BA,Bahia,Nordeste
2106,2915106,29,BA,Bahia,Nordeste
2107,2919058,29,BA,Bahia,Nordeste
2108,2916906,29,BA,Bahia,Nordeste
2109,2924900,29,BA,Bahia,Nordeste
2110,2918001,29,BA,Bahia,Nordeste
2111,2920809,29,BA,Bahia,Nordeste
2112,2919504,29,BA,Bahia,Nordeste
2113,2926905,29,BA,Bahia,Nordeste
2114,2923605,29,BA,Bahia,Nordeste
2115,2900504,29,BA,Bahia,Nordeste
2116,2910107,29,BA,Bahia,Nordeste
2117,2919405,29,BA,Bahia,Nordeste
2118,2932606,29,BA,Bahia,Nordeste
2119,2917409,29,BA,Bahia,Nordeste
2120,2918753,29,BA,Bahia,Nordeste
2121,2926400,29,BA,Bahia,Nordeste
2122,2924504,29,BA,Bahia,Nordeste
2123,2921807,29,BA,Bahia,Nordeste
2124,2921054,29,BA,Bahia,Nordeste
2125,2905206,29,BA,Bahia,Nordeste
2126,2930006,29,BA,Bahia,Nordeste
2127,2913408,29,BA,Bahia,Nordeste
2128,2906600,29,BA,Bahia,Nordeste
2129,2923407,29,BA,Bahia,Nordeste
2130,2912004,29,BA,Bahia,Nordeste
2131,2920205,29,BA,Bahia,Nordeste
2132,2905008,29,BA,Bahia,Nordeste
2133,2917334,29,BA,Bahia,Nordeste
2134,2911709,29,BA,Bahia,Nordeste
2135,2917201,29,BA,Bahia,Nordeste
2136,2906899,29,BA,Bahia,Nordeste
2137,2919959,29,BA,Bahia,Nordeste
2138,2908705,29,BA,Bahia,Nordeste
2139,2931806,29,BA,Bahia,Nordeste
2140,2931004,29,BA,Bahia,Nordeste
2141,2924702,29,BA,Bahia,Nordeste
2142,2925709,29,BA,Bahia,Nordeste
2143,2909000,29,BA,Bahia,Nordeste
2144,2920304,29,BA,Bahia,Nordeste
2145,2902005,29,BA,Bahia,Nordeste
2146,2904605,29,BA,Bahia,Nordeste
2147,2926806,29,BA,Bahia,Nordeste
2148,2911659,29,BA,Bahia,Nordeste
2149,2912301,29,BA,Bahia,Nordeste
2150,2903508,29,BA,Bahia,Nordeste
2151,2922706,29,BA,Bahia,Nordeste
2152,2901205,29,BA,Bahia,Nordeste
2153,2913507,29,BA,Bahia,Nordeste
2154,2903953,29,BA,Bahia,Nordeste
2155,2906709,29,BA,Bahia,Nordeste
2156,2921450,29,BA,Bahia,Nordeste
2157,2905156,29,BA,Bahia,Nordeste
2158,2925105,29,BA,Bahia,Nordeste
2159,2902906,29,BA,Bahia,Nordeste
2160,2933307,29,BA,Bahia,Nordeste
2161,2904803,29,BA,Bahia,Nordeste
2162,2925006,29,BA,Bahia,Nordeste
2163,2903706,29,BA,Bahia,Nordeste
2164,2920403,29,BA,Bahia,Nordeste
2165,2910008,29,BA,Bahia,Nordeste
2166,2926657,29,BA,Bahia,Nordeste
2167,2910404,29,BA,Bahia,Nordeste
2168,2915809,29,BA,Bahia,Nordeste
2169,2916401,29,BA,Bahia,Nordeste
2170,2916807,29,BA,Bahia,Nordeste
2171,2919702,29,BA,Bahia,Nordeste
2172,2920007,29,BA,Bahia,Nordeste
2173,2925402,29,BA,Bahia,Nordeste
2174,2917102,29,BA,Bahia,Nordeste
2175,2917300,29,BA,Bahia,Nordeste
2176,2922607,29,BA,Bahia,Nordeste
2177,2905404,29,BA,Bahia,Nordeste
2178,2925758,29,BA,Bahia,Nordeste
2179,2931202,29,BA,Bahia,Nordeste
2180,2932903,29,BA,Bahia,Nordeste
2181,2913457,29,BA,Bahia,Nordeste
2182,2905800,29,BA,Bahia,Nordeste
2183,2920700,29,BA,Bahia,Nordeste
2184,2924678,29,BA,Bahia,Nordeste
2185,2932705,29,BA,Bahia,Nordeste
2186,2911006,29,BA,Bahia,Nordeste
2187,2912707,29,BA,Bahia,Nordeste
2188,2932200,29,BA,Bahia,Nordeste
2189,2916609,29,BA,Bahia,Nordeste
2190,2929354,29,BA,Bahia,Nordeste
2191,2916203,29,BA,Bahia,Nordeste
2192,2915502,29,BA,Bahia,Nordeste
2193,2908002,29,BA,Bahia,Nordeste
2194,2915403,29,BA,Bahia,Nordeste
2195,2912103,29,BA,Bahia,Nordeste
2196,2902401,29,BA,Bahia,Nordeste
2197,2903300,29,BA,Bahia,Nordeste
2198,2904704,29,BA,Bahia,Nordeste
2199,2927804,29,BA,Bahia,Nordeste
2200,2910909,29,BA,Bahia,Nordeste
2201,2913606,29,BA,Bahia,Nordeste
2202,2914802,29,BA,Bahia,Nordeste
2203,2900900,29,BA,Bahia,Nordeste
2204,2914901,29,BA,Bahia,Nordeste
2205,2903409,29,BA,Bahia,Nordeste
2206,2916302,29,BA,Bahia,Nordeste
2207,2902252,29,BA,Bahia,Nordeste
2208,2920908,29,BA,Bahia,Nordeste
2209,2928059,29,BA,Bahia,Nordeste
2210,2905602,29,BA,Bahia,Nordeste
2211,2906303,29,BA,Bahia,Nordeste
2212,2918555,29,BA,Bahia,Nordeste
2213,2932507,29,BA,Bahia,Nordeste
2214,2923902,29,BA,Bahia,Nordeste
2215,2915700,29,BA,Bahia,Nordeste
2216,2913903,29,BA,Bahia,Nordeste
2217,2922755,29,BA,Bahia,Nordeste
2218,2932309,29,BA,Bahia,Nordeste
2219,2933505,29,BA,Bahia,Nordeste
2220,2915205,29,BA,Bahia,Nordeste
2221,2911501,29,BA,Bahia,Nordeste
2222,2911204,29,BA,Bahia,Nordeste
2223,2903102,29,BA,Bahia,Nordeste
2224,2912905,29,BA,Bahia,Nordeste
2225,2931608,29,BA,Bahia,Nordeste
2226,2923001,29,BA,Bahia,Nordeste
2227,2933257,29,BA,Bahia,Nordeste
2228,2915601,29,BA,Bahia,Nordeste
2229,2900801,29,BA,Bahia,Nordeste
2230,2922003,29,BA,Bahia,Nordeste
2231,2912806,29,BA,Bahia,Nordeste
2232,2931350,29,BA,Bahia,Nordeste
2233,2916005,29,BA,Bahia,Nordeste
2234,2921104,29,BA,Bahia,Nordeste
2235,2906907,29,BA,Bahia,Nordeste
2236,2918902,29,BA,Bahia,Nordeste
2237,2925501,29,BA,Bahia,Nordeste
2238,2918456,29,BA,Bahia,Nordeste
2239,2927705,29,BA,Bahia,Nordeste
2240,2911808,29,BA,Bahia,Nordeste
2241,2915304,29,BA,Bahia,Nordeste
2242,2914653,29,BA,Bahia,Nordeste
2243,2910727,29,BA,Bahia,Nordeste
2244,2925303,29,BA,Bahia,Nordeste
2245,3126208,31,MG,Minas Gerais,Sudeste
2246,3109303,31,MG,Minas Gerais,Sudeste
2247,3170479,31,MG,Minas Gerais,Sudeste
2248,3170404,31,MG,Minas Gerais,Sudeste
2249,3109451,31,MG,Minas Gerais,Sudeste
2250,3144375,31,MG,Minas Gerais,Sudeste
2251,3108206,31,MG,Minas Gerais,Sudeste
2252,3104502,31,MG,Minas Gerais,Sudeste
2253,3122470,31,MG,Minas Gerais,Sudeste
2254,3147006,31,MG,Minas Gerais,Sudeste
2255,3136306,31,MG,Minas Gerais,Sudeste
2256,3108552,31,MG,Minas Gerais,Sudeste
2257,3153400,31,MG,Minas Gerais,Sudeste
2258,3171006,31,MG,Minas Gerais,Sudeste
2259,3170750,31,MG,Minas Gerais,Sudeste
2260,3137536,31,MG,Minas Gerais,Sudeste
2261,3161700,31,MG,Minas Gerais,Sudeste
2262,3137106,31,MG,Minas Gerais,Sudeste
2263,3128600,31,MG,Minas Gerais,Sudeste
2264,3140852,31,MG,Minas Gerais,Sudeste
2265,3139300,31,MG,Minas Gerais,Sudeste
2266,3142254,31,MG,Minas Gerais,Sudeste
2267,3135209,31,MG,Minas Gerais,Sudeste
2268,3132107,31,MG,Minas Gerais,Sudeste
2269,3149150,31,MG,Minas Gerais,Sudeste
2270,3136959,31,MG,Minas Gerais,Sudeste
2271,3162450,31,MG,Minas Gerais,Sudeste
2272,3108255,31,MG,Minas Gerais,Sudeste
2273,3142700,31,MG,Minas Gerais,Sudeste
2274,3117836,31,MG,Minas Gerais,Sudeste
2275,3130051,31,MG,Minas Gerais,Sudeste
2276,3116159,31,MG,Minas Gerais,Sudeste
2277,3161106,31,MG,Minas Gerais,Sudeste
2278,3150570,31,MG,Minas Gerais,Sudeste
2279,3170529,31,MG,Minas Gerais,Sudeste
2280,3145059,31,MG,Minas Gerais,Sudeste
2281,3135050,31,MG,Minas Gerais,Sudeste
2282,3152204,31,MG,Minas Gerais,Sudeste
2283,3154507,31,MG,Minas Gerais,Sudeste
2284,3166956,31,MG,Minas Gerais,Sudeste
2285,3146552,31,MG,Minas Gerais,Sudeste
2286,3135100,31,MG,Minas Gerais,Sudeste
2287,3142908,31,MG,Minas Gerais,Sudeste
2288,3115474,31,MG,Minas Gerais,Sudeste
2289,3124302,31,MG,Minas Gerais,Sudeste
2290,3141009,31,MG,Minas Gerais,Sudeste
2291,3127339,31,MG,Minas Gerais,Sudeste
2292,3139250,31,MG,Minas Gerais,Sudeste
2293,3157005,31,MG,Minas Gerais,Sudeste
2294,3156502,31,MG,Minas Gerais,Sudeste
2295,3127073,31,MG,Minas Gerais,Sudeste
2296,3155603,31,MG,Minas Gerais,Sudeste
2297,3157377,31,MG,Minas Gerais,Sudeste
2298,3106655,31,MG,Minas Gerais,Sudeste
2299,3145372,31,MG,Minas Gerais,Sudeste
2300,3120870,31,MG,Minas Gerais,Sudeste
2301,3162708,31,MG,Minas Gerais,Sudeste
2302,3144656,31,MG,Minas Gerais,Sudeste
2303,3168002,31,MG,Minas Gerais,Sudeste
2304,3170651,31,MG,Minas Gerais,Sudeste
2305,3130655,31,MG,Minas Gerais,Sudeste
2306,3143450,31,MG,Minas Gerais,Sudeste
2307,3160454,31,MG,Minas Gerais,Sudeste
2308,3101003,31,MG,Minas Gerais,Sudeste
2309,3122355,31,MG,Minas Gerais,Sudeste
2310,3137304,31,MG,Minas Gerais,Sudeste
2311,3135605,31,MG,Minas Gerais,Sudeste
2312,3129608,31,MG,Minas Gerais,Sudeste
2313,3151206,31,MG,Minas Gerais,Sudeste
2314,3138104,31,MG,Minas Gerais,Sudeste
2315,3109402,31,MG,Minas Gerais,Sudeste
2316,3170800,31,MG,Minas Gerais,Sudeste
2317,3157609,31,MG,Minas Gerais,Sudeste
2318,3164209,31,MG,Minas Gerais,Sudeste
2319,3154457,31,MG,Minas Gerais,Sudeste
2320,3108602,31,MG,Minas Gerais,Sudeste
2321,3136801,31,MG,Minas Gerais,Sudeste
2322,3111150,31,MG,Minas Gerais,Sudeste
2323,3129657,31,MG,Minas Gerais,Sudeste
2324,3162658,31,MG,Minas Gerais,Sudeste
2325,3143302,31,MG,Minas Gerais,Sudeste
2326,3112703,31,MG,Minas Gerais,Sudeste
2327,3162252,31,MG,Minas Gerais,Sudeste
2328,3138658,31,MG,Minas Gerais,Sudeste
2329,3147956,31,MG,Minas Gerais,Sudeste
2330,3127354,31,MG,Minas Gerais,Sudeste
2331,3142007,31,MG,Minas Gerais,Sudeste
2332,3135357,31,MG,Minas Gerais,Sudeste
2333,3170909,31,MG,Minas Gerais,Sudeste
2334,3118809,31,MG,Minas Gerais,Sudeste
2335,3138682,31,MG,Minas Gerais,Sudeste
2336,3126703,31,MG,Minas Gerais,Sudeste
2337,3162401,31,MG,Minas Gerais,Sudeste
2338,3116506,31,MG,Minas Gerais,Sudeste
2339,3171030,31,MG,Minas Gerais,Sudeste
2340,3152131,31,MG,Minas Gerais,Sudeste
2341,3170008,31,MG,Minas Gerais,Sudeste
2342,3120300,31,MG,Minas Gerais,Sudeste
2343,3108503,31,MG,Minas Gerais,Sudeste
2344,3136579,31,MG,Minas Gerais,Sudeste
2345,3127800,31,MG,Minas Gerais,Sudeste
2346,3132008,31,MG,Minas Gerais,Sudeste
2347,3146255,31,MG,Minas Gerais,Sudeste
2348,3123809,31,MG,Minas Gerais,Sudeste
2349,3128253,31,MG,Minas Gerais,Sudeste
2350,3145455,31,MG,Minas Gerais,Sudeste
2351,3107307,31,MG,Minas Gerais,Sudeste
2352,3126604,31,MG,Minas Gerais,Sudeste
2353,3165909,31,MG,Minas Gerais,Sudeste
2354,3125408,31,MG,Minas Gerais,Sudeste
2355,3121001,31,MG,Minas Gerais,Sudeste
2356,3127602,31,MG,Minas Gerais,Sudeste
2357,3153301,31,MG,Minas Gerais,Sudeste
2358,3125507,31,MG,Minas Gerais,Sudeste
2359,3120102,31,MG,Minas Gerais,Sudeste
2360,3121605,31,MG,Minas Gerais,Sudeste
2361,3104452,31,MG,Minas Gerais,Sudeste
2362,3102852,31,MG,Minas Gerais,Sudeste
2363,3112307,31,MG,Minas Gerais,Sudeste
2364,3138351,31,MG,Minas Gerais,Sudeste
2365,3141801,31,MG,Minas Gerais,Sudeste
2366,3171071,31,MG,Minas Gerais,Sudeste
2367,3132503,31,MG,Minas Gerais,Sudeste
2368,3116100,31,MG,Minas Gerais,Sudeste
2369,3169703,31,MG,Minas Gerais,Sudeste
2370,3113503,31,MG,Minas Gerais,Sudeste
2371,3136520,31,MG,Minas Gerais,Sudeste
2372,3106507,31,MG,Minas Gerais,Sudeste
2373,3135456,31,MG,Minas Gerais,Sudeste
2374,3126505,31,MG,Minas Gerais,Sudeste
2375,3152170,31,MG,Minas Gerais,Sudeste
2376,3145307,31,MG,Minas Gerais,Sudeste
2377,3146305,31,MG,Minas Gerais,Sudeste
2378,3113008,31,MG,Minas Gerais,Sudeste
2379,3103405,31,MG,Minas Gerais,Sudeste
2380,3171600,31,MG,Minas Gerais,Sudeste
2381,3119500,31,MG,Minas Gerais,Sudeste
2382,3134004,31,MG,Minas Gerais,Sudeste
2383,3133303,31,MG,Minas Gerais,Sudeste
2384,3102704,31,MG,Minas Gerais,Sudeste
2385,3148707,31,MG,Minas Gerais,Sudeste
2386,3141405,31,MG,Minas Gerais,Sudeste
2387,3117009,31,MG,Minas Gerais,Sudeste
2388,3143153,31,MG,Minas Gerais,Sudeste
2389,3134707,31,MG,Minas Gerais,Sudeste
2390,3146750,31,MG,Minas Gerais,Sudeste
2391,3136009,31,MG,Minas Gerais,Sudeste
2392,3157104,31,MG,Minas Gerais,Sudeste
2393,3155108,31,MG,Minas Gerais,Sudeste
2394,3101706,31,MG,Minas Gerais,Sudeste
2395,3125606,31,MG,Minas Gerais,Sudeste
2396,3158102,31,MG,Minas Gerais,Sudeste
2397,3105202,31,MG,Minas Gerais,Sudeste
2398,3136504,31,MG,Minas Gerais,Sudeste
2399,3135803,31,MG,Minas Gerais,Sudeste
2400,3156601,31,MG,Minas Gerais,Sudeste
2401,3160306,31,MG,Minas Gerais,Sudeste
2402,3140555,31,MG,Minas Gerais,Sudeste
2403,3122454,31,MG,Minas Gerais,Sudeste
2404,3148509,31,MG,Minas Gerais,Sudeste
2405,3145356,31,MG,Minas Gerais,Sudeste
2406,3132305,31,MG,Minas Gerais,Sudeste
2407,3115458,31,MG,Minas Gerais,Sudeste
2408,3139201,31,MG,Minas Gerais,Sudeste
2409,3146206,31,MG,Minas Gerais,Sudeste
2410,3165552,31,MG,Minas Gerais,Sudeste
2411,3104700,31,MG,Minas Gerais,Sudeste
2412,3168606,31,MG,Minas Gerais,Sudeste
2413,3137007,31,MG,Minas Gerais,Sudeste
2414,3126802,31,MG,Minas Gerais,Sudeste
2415,3126752,31,MG,Minas Gerais,Sudeste
2416,3152402,31,MG,Minas Gerais,Sudeste
2417,3166709,31,MG,Minas Gerais,Sudeste
2418,3144300,31,MG,Minas Gerais,Sudeste
2419,3113701,31,MG,Minas Gerais,Sudeste
2420,3170305,31,MG,Minas Gerais,Sudeste
2421,3127057,31,MG,Minas Gerais,Sudeste
2422,3106606,31,MG,Minas Gerais,Sudeste
2423,3100906,31,MG,Minas Gerais,Sudeste
2424,3157658,31,MG,Minas Gerais,Sudeste
2425,3138906,31,MG,Minas Gerais,Sudeste
2426,3120151,31,MG,Minas Gerais,Sudeste
2427,3129103,31,MG,Minas Gerais,Sudeste
2428,3112604,31,MG,Minas Gerais,Sudeste
2429,3159803,31,MG,Minas Gerais,Sudeste
2430,3134202,31,MG,Minas Gerais,Sudeste
2431,3131406,31,MG,Minas Gerais,Sudeste
2432,3109808,31,MG,Minas Gerais,Sudeste
2433,3111804,31,MG,Minas Gerais,Sudeste
2434,3103751,31,MG,Minas Gerais,Sudeste
2435,3115003,31,MG,Minas Gerais,Sudeste
2436,3115805,31,MG,Minas Gerais,Sudeste
2437,3152808,31,MG,Minas Gerais,Sudeste
2438,3170206,31,MG,Minas Gerais,Sudeste
2439,3142809,31,MG,Minas Gerais,Sudeste
2440,3169604,31,MG,Minas Gerais,Sudeste
2441,3130705,31,MG,Minas Gerais,Sudeste
2442,3103504,31,MG,Minas Gerais,Sudeste
2443,3124807,31,MG,Minas Gerais,Sudeste
2444,3127909,31,MG,Minas Gerais,Sudeste
2445,3156403,31,MG,Minas Gerais,Sudeste
2446,3143104,31,MG,Minas Gerais,Sudeste
2447,3123502,31,MG,Minas Gerais,Sudeste
2448,3131604,31,MG,Minas Gerais,Sudeste
2449,3100104,31,MG,Minas Gerais,Sudeste
2450,3119302,31,MG,Minas Gerais,Sudeste
2451,3166808,31,MG,Minas Gerais,Sudeste
2452,3120706,31,MG,Minas Gerais,Sudeste
2453,3148103,31,MG,Minas Gerais,Sudeste
2454,3159704,31,MG,Minas Gerais,Sudeste
2455,3162104,31,MG,Minas Gerais,Sudeste
2456,3137502,31,MG,Minas Gerais,Sudeste
2457,3155504,31,MG,Minas Gerais,Sudeste
2458,3148004,31,MG,Minas Gerais,Sudeste
2459,3168903,31,MG,Minas Gerais,Sudeste
2460,3114303,31,MG,Minas Gerais,Sudeste
2461,3103801,31,MG,Minas Gerais,Sudeste
2462,3141207,31,MG,Minas Gerais,Sudeste
2463,3128907,31,MG,Minas Gerais,Sudeste
2464,3151602,31,MG,Minas Gerais,Sudeste
2465,3133402,31,MG,Minas Gerais,Sudeste
2466,3150703,31,MG,Minas Gerais,Sudeste
2467,3127008,31,MG,Minas Gerais,Sudeste
2468,3116902,31,MG,Minas Gerais,Sudeste
2469,3127107,31,MG,Minas Gerais,Sudeste
2470,3114550,31,MG,Minas Gerais,Sudeste
2471,3138625,31,MG,Minas Gerais,Sudeste
2472,3170438,31,MG,Minas Gerais,Sudeste
2473,3134400,31,MG,Minas Gerais,Sudeste
2474,3161304,31,MG,Minas Gerais,Sudeste
2475,3111101,31,MG,Minas Gerais,Sudeste
2476,3117306,31,MG,Minas Gerais,Sudeste
2477,3118205,31,MG,Minas Gerais,Sudeste
2478,3170107,31,MG,Minas Gerais,Sudeste
2479,3100708,31,MG,Minas Gerais,Sudeste
2480,3121258,31,MG,Minas Gerais,Sudeste
2481,3111408,31,MG,Minas Gerais,Sudeste
2482,3171105,31,MG,Minas Gerais,Sudeste
2483,3145000,31,MG,Minas Gerais,Sudeste
2484,3156908,31,MG,Minas Gerais,Sudeste
2485,3157708,31,MG,Minas Gerais,Sudeste
2486,3149804,31,MG,Minas Gerais,Sudeste
2487,3111507,31,MG,Minas Gerais,Sudeste
2488,3129509,31,MG,Minas Gerais,Sudeste
2489,3104007,31,MG,Minas Gerais,Sudeste
2490,3149200,31,MG,Minas Gerais,Sudeste
2491,3168101,31,MG,Minas Gerais,Sudeste
2492,3153004,31,MG,Minas Gerais,Sudeste
2493,3169356,31,MG,Minas Gerais,Sudeste
2494,3152006,31,MG,Minas Gerais,Sudeste
2495,3146404,31,MG,Minas Gerais,Sudeste
2496,3100203,31,MG,Minas Gerais,Sudeste
2497,3115607,31,MG,Minas Gerais,Sudeste
2498,3143500,31,MG,Minas Gerais,Sudeste
2499,3107000,31,MG,Minas Gerais,Sudeste
2500,3142502,31,MG,Minas Gerais,Sudeste
2501,3109204,31,MG,Minas Gerais,Sudeste
2502,3125705,31,MG,Minas Gerais,Sudeste
2503,3143609,31,MG,Minas Gerais,Sudeste
2504,3120904,31,MG,Minas Gerais,Sudeste
2505,3104809,31,MG,Minas Gerais,Sudeste
2506,3153202,31,MG,Minas Gerais,Sudeste
2507,3160603,31,MG,Minas Gerais,Sudeste
2508,3119104,31,MG,Minas Gerais,Sudeste
2509,3131109,31,MG,Minas Gerais,Sudeste
2510,3136405,31,MG,Minas Gerais,Sudeste
2511,3103900,31,MG,Minas Gerais,Sudeste
2512,3138302,31,MG,Minas Gerais,Sudeste
2513,3135308,31,MG,Minas Gerais,Sudeste
2514,3137205,31,MG,Minas Gerais,Sudeste
2515,3153707,31,MG,Minas Gerais,Sudeste
2516,3107406,31,MG,Minas Gerais,Sudeste
2517,3166600,31,MG,Minas Gerais,Sudeste
2518,3123205,31,MG,Minas Gerais,Sudeste
2519,3142403,31,MG,Minas Gerais,Sudeste
2520,3124708,31,MG,Minas Gerais,Sudeste
2521,3140506,31,MG,Minas Gerais,Sudeste
2522,3138807,31,MG,Minas Gerais,Sudeste
2523,3134608,31,MG,Minas Gerais,Sudeste
2524,3135704,31,MG,Minas Gerais,Sudeste
2525,3153608,31,MG,Minas Gerais,Sudeste
2526,3127206,31,MG,Minas Gerais,Sudeste
2527,3158508,31,MG,Minas Gerais,Sudeste
2528,3159001,31,MG,Minas Gerais,Sudeste
2529,3112505,31,MG,Minas Gerais,Sudeste
2530,3105004,31,MG,Minas Gerais,Sudeste
2531,3109907,31,MG,Minas Gerais,Sudeste
2532,3147402,31,MG,Minas Gerais,Sudeste
2533,3126406,31,MG,Minas Gerais,Sudeste
2534,3141108,31,MG,Minas Gerais,Sudeste
2535,3118908,31,MG,Minas Gerais,Sudeste
2536,3167202,31,MG,Minas Gerais,Sudeste
2537,3131000,31,MG,Minas Gerais,Sudeste
2538,3103207,31,MG,Minas Gerais,Sudeste
2539,3109600,31,MG,Minas Gerais,Sudeste
2540,3139706,31,MG,Minas Gerais,Sudeste
2541,3146909,31,MG,Minas Gerais,Sudeste
2542,3149606,31,MG,Minas Gerais,Sudeste
2543,3117504,31,MG,Minas Gerais,Sudeste
2544,3143708,31,MG,Minas Gerais,Sudeste
2545,3118106,31,MG,Minas Gerais,Sudeste
2546,3132800,31,MG,Minas Gerais,Sudeste
2547,3147501,31,MG,Minas Gerais,Sudeste
2548,3164803,31,MG,Minas Gerais,Sudeste
2549,3160504,31,MG,Minas Gerais,Sudeste
2550,3166501,31,MG,Minas Gerais,Sudeste
2551,3102407,31,MG,Minas Gerais,Sudeste
2552,3160207,31,MG,Minas Gerais,Sudeste
2553,3167103,31,MG,Minas Gerais,Sudeste
2554,3122603,31,MG,Minas Gerais,Sudeste
2555,3156007,31,MG,Minas Gerais,Sudeste
2556,3126000,31,MG,Minas Gerais,Sudeste
2557,3151404,31,MG,Minas Gerais,Sudeste
2558,3163102,31,MG,Minas Gerais,Sudeste
2559,3147105,31,MG,Minas Gerais,Sudeste
2560,3145802,31,MG,Minas Gerais,Sudeste
2561,3144805,31,MG,Minas Gerais,Sudeste
2562,3153905,31,MG,Minas Gerais,Sudeste
2563,3149309,31,MG,Minas Gerais,Sudeste
2564,3110004,31,MG,Minas Gerais,Sudeste
2565,3109006,31,MG,Minas Gerais,Sudeste
2566,3165537,31,MG,Minas Gerais,Sudeste
2567,3117876,31,MG,Minas Gerais,Sudeste
2568,3137601,31,MG,Minas Gerais,Sudeste
2569,3140704,31,MG,Minas Gerais,Sudeste
2570,3154606,31,MG,Minas Gerais,Sudeste
2571,3162955,31,MG,Minas Gerais,Sudeste
2572,3129806,31,MG,Minas Gerais,Sudeste
2573,3124104,31,MG,Minas Gerais,Sudeste
2574,3157807,31,MG,Minas Gerais,Sudeste
2575,3171204,31,MG,Minas Gerais,Sudeste
2576,3140159,31,MG,Minas Gerais,Sudeste
2577,3130101,31,MG,Minas Gerais,Sudeste
2578,3136652,31,MG,Minas Gerais,Sudeste
2579,3106705,31,MG,Minas Gerais,Sudeste
2580,3162922,31,MG,Minas Gerais,Sudeste
2581,3106200,31,MG,Minas Gerais,Sudeste
2582,3154804,31,MG,Minas Gerais,Sudeste
2583,3118601,31,MG,Minas Gerais,Sudeste
2584,3156700,31,MG,Minas Gerais,Sudeste
2585,3136603,31,MG,Minas Gerais,Sudeste
2586,3168309,31,MG,Minas Gerais,Sudeste
2587,3157203,31,MG,Minas Gerais,Sudeste
2588,3115359,31,MG,Minas Gerais,Sudeste
2589,3105400,31,MG,Minas Gerais,Sudeste
2590,3125903,31,MG,Minas Gerais,Sudeste
2591,3158003,31,MG,Minas Gerais,Sudeste
2592,3107703,31,MG,Minas Gerais,Sudeste
2593,3131703,31,MG,Minas Gerais,Sudeste
2594,3121803,31,MG,Minas Gerais,Sudeste
2595,3163409,31,MG,Minas Gerais,Sudeste
2596,3161007,31,MG,Minas Gerais,Sudeste
2597,3144706,31,MG,Minas Gerais,Sudeste
2598,3161908,31,MG,Minas Gerais,Sudeste
2599,3106002,31,MG,Minas Gerais,Sudeste
2600,3155702,31,MG,Minas Gerais,Sudeste
2601,3136207,31,MG,Minas Gerais,Sudeste
2602,3102308,31,MG,Minas Gerais,Sudeste
2603,3142304,31,MG,Minas Gerais,Sudeste
2604,3106408,31,MG,Minas Gerais,Sudeste
2605,3135407,31,MG,Minas Gerais,Sudeste
2606,3133709,31,MG,Minas Gerais,Sudeste
2607,3108107,31,MG,Minas Gerais,Sudeste
2608,3132206,31,MG,Minas Gerais,Sudeste
2609,3155306,31,MG,Minas Gerais,Sudeste
2610,3150406,31,MG,Minas Gerais,Sudeste
2611,3120607,31,MG,Minas Gerais,Sudeste
2612,3140001,31,MG,Minas Gerais,Sudeste
2613,3146107,31,MG,Minas Gerais,Sudeste
2614,3131901,31,MG,Minas Gerais,Sudeste
2615,3121704,31,MG,Minas Gerais,Sudeste
2616,3133907,31,MG,Minas Gerais,Sudeste
2617,3160900,31,MG,Minas Gerais,Sudeste
2618,3120409,31,MG,Minas Gerais,Sudeste
2619,3121407,31,MG,Minas Gerais,Sudeste
2620,3118007,31,MG,Minas Gerais,Sudeste
2621,3159100,31,MG,Minas Gerais,Sudeste
2622,3118304,31,MG,Minas Gerais,Sudeste
2623,3123908,31,MG,Minas Gerais,Sudeste
2624,3153806,31,MG,Minas Gerais,Sudeste
2625,3114907,31,MG,Minas Gerais,Sudeste
2626,3115409,31,MG,Minas Gerais,Sudeste
2627,3145901,31,MG,Minas Gerais,Sudeste
2628,3113800,31,MG,Minas Gerais,Sudeste
2629,3165503,31,MG,Minas Gerais,Sudeste
2630,3157500,31,MG,Minas Gerais,Sudeste
2631,3127503,31,MG,Minas Gerais,Sudeste
2632,3148400,31,MG,Minas Gerais,Sudeste
2633,3122207,31,MG,Minas Gerais,Sudeste
2634,3128006,31,MG,Minas Gerais,Sudeste
2635,3116803,31,MG,Minas Gerais,Sudeste
2636,3156809,31,MG,Minas Gerais,Sudeste
2637,3140605,31,MG,Minas Gerais,Sudeste
2638,3171808,31,MG,Minas Gerais,Sudeste
2639,3123106,31,MG,Minas Gerais,Sudeste
2640,3166105,31,MG,Minas Gerais,Sudeste
2641,3162807,31,MG,Minas Gerais,Sudeste
2642,3108800,31,MG,Minas Gerais,Sudeste
2643,3100609,31,MG,Minas Gerais,Sudeste
2644,3158201,31,MG,Minas Gerais,Sudeste
2645,3112059,31,MG,Minas Gerais,Sudeste
2646,3136553,31,MG,Minas Gerais,Sudeste
2647,3126950,31,MG,Minas Gerais,Sudeste
2648,3148608,31,MG,Minas Gerais,Sudeste
2649,3164100,31,MG,Minas Gerais,Sudeste
2650,3163508,31,MG,Minas Gerais,Sudeste
2651,3164506,31,MG,Minas Gerais,Sudeste
2652,3144904,31,MG,Minas Gerais,Sudeste
2653,3110806,31,MG,Minas Gerais,Sudeste
2654,3163300,31,MG,Minas Gerais,Sudeste
2655,3150000,31,MG,Minas Gerais,Sudeste
2656,3132701,31,MG,Minas Gerais,Sudeste
2657,3101805,31,MG,Minas Gerais,Sudeste
2658,3133204,31,MG,Minas Gerais,Sudeste
2659,3125804,31,MG,Minas Gerais,Sudeste
2660,3140100,31,MG,Minas Gerais,Sudeste
2661,3127305,31,MG,Minas Gerais,Sudeste
2662,3161650,31,MG,Minas Gerais,Sudeste
2663,3135076,31,MG,Minas Gerais,Sudeste
2664,3119203,31,MG,Minas Gerais,Sudeste
2665,3167707,31,MG,Minas Gerais,Sudeste
2666,3171907,31,MG,Minas Gerais,Sudeste
2667,3123700,31,MG,Minas Gerais,Sudeste
2668,3144201,31,MG,Minas Gerais,Sudeste
2669,3161601,31,MG,Minas Gerais,Sudeste
2670,3169505,31,MG,Minas Gerais,Sudeste
2671,3112653,31,MG,Minas Gerais,Sudeste
2672,3171501,31,MG,Minas Gerais,Sudeste
2673,3122108,31,MG,Minas Gerais,Sudeste
2674,3163003,31,MG,Minas Gerais,Sudeste
2675,3127701,31,MG,Minas Gerais,Sudeste
2676,3126901,31,MG,Minas Gerais,Sudeste
2677,3144672,31,MG,Minas Gerais,Sudeste
2678,3139607,31,MG,Minas Gerais,Sudeste
2679,3115706,31,MG,Minas Gerais,Sudeste
2680,3131802,31,MG,Minas Gerais,Sudeste
2681,3141504,31,MG,Minas Gerais,Sudeste
2682,3162575,31,MG,Minas Gerais,Sudeste
2683,3161056,31,MG,Minas Gerais,Sudeste
2684,3168705,31,MG,Minas Gerais,Sudeste
2685,3106309,31,MG,Minas Gerais,Sudeste
2686,3141702,31,MG,Minas Gerais,Sudeste
2687,3131307,31,MG,Minas Gerais,Sudeste
2688,3158953,31,MG,Minas Gerais,Sudeste
2689,3136108,31,MG,Minas Gerais,Sudeste
2690,3135001,31,MG,Minas Gerais,Sudeste
2691,3100500,31,MG,Minas Gerais,Sudeste
2692,3149952,31,MG,Minas Gerais,Sudeste
2693,3119401,31,MG,Minas Gerais,Sudeste
2694,3140308,31,MG,Minas Gerais,Sudeste
2695,3103009,31,MG,Minas Gerais,Sudeste
2696,3144359,31,MG,Minas Gerais,Sudeste
2697,3168408,31,MG,Minas Gerais,Sudeste
2698,3129301,31,MG,Minas Gerais,Sudeste
2699,3131158,31,MG,Minas Gerais,Sudeste
2700,3162609,31,MG,Minas Gerais,Sudeste
2701,3122504,31,MG,Minas Gerais,Sudeste
2702,3109253,31,MG,Minas Gerais,Sudeste
2703,3150539,31,MG,Minas Gerais,Sudeste
2704,3130556,31,MG,Minas Gerais,Sudeste
2705,3150158,31,MG,Minas Gerais,Sudeste
2706,3170057,31,MG,Minas Gerais,Sudeste
2707,3164472,31,MG,Minas Gerais,Sudeste
2708,3123858,31,MG,Minas Gerais,Sudeste
2709,3107802,31,MG,Minas Gerais,Sudeste
2710,3120003,31,MG,Minas Gerais,Sudeste
2711,3170578,31,MG,Minas Gerais,Sudeste
2712,3159357,31,MG,Minas Gerais,Sudeste
2713,3113404,31,MG,Minas Gerais,Sudeste
2714,3157252,31,MG,Minas Gerais,Sudeste
2715,3160959,31,MG,Minas Gerais,Sudeste
2716,3130903,31,MG,Minas Gerais,Sudeste
2717,3127370,31,MG,Minas Gerais,Sudeste
2718,3118403,31,MG,Minas Gerais,Sudeste
2719,3134103,31,MG,Minas Gerais,Sudeste
2720,3154309,31,MG,Minas Gerais,Sudeste
2721,3120839,31,MG,Minas Gerais,Sudeste
2722,3159506,31,MG,Minas Gerais,Sudeste
2723,3101102,31,MG,Minas Gerais,Sudeste
2724,3102209,31,MG,Minas Gerais,Sudeste
2725,3151909,31,MG,Minas Gerais,Sudeste
2726,3117405,31,MG,Minas Gerais,Sudeste
2727,3131208,31,MG,Minas Gerais,Sudeste
2728,3144003,31,MG,Minas Gerais,Sudeste
2729,3168051,31,MG,Minas Gerais,Sudeste
2730,3123403,31,MG,Minas Gerais,Sudeste
2731,3151503,31,MG,Minas Gerais,Sudeste
2732,3170602,31,MG,Minas Gerais,Sudeste
2733,3164308,31,MG,Minas Gerais,Sudeste
2734,3130309,31,MG,Minas Gerais,Sudeste
2735,3168200,31,MG,Minas Gerais,Sudeste
2736,3105103,31,MG,Minas Gerais,Sudeste
2737,3119807,31,MG,Minas Gerais,Sudeste
2738,3141306,31,MG,Minas Gerais,Sudeste
2739,3122306,31,MG,Minas Gerais,Sudeste
2740,3149705,31,MG,Minas Gerais,Sudeste
2741,3117603,31,MG,Minas Gerais,Sudeste
2742,3164605,31,MG,Minas Gerais,Sudeste
2743,3160405,31,MG,Minas Gerais,Sudeste
2744,3161809,31,MG,Minas Gerais,Sudeste
2745,3133808,31,MG,Minas Gerais,Sudeste
2746,3145208,31,MG,Minas Gerais,Sudeste
2747,3116605,31,MG,Minas Gerais,Sudeste
2748,3114204,31,MG,Minas Gerais,Sudeste
2749,3130200,31,MG,Minas Gerais,Sudeste
2750,3133501,31,MG,Minas Gerais,Sudeste
2751,3110400,31,MG,Minas Gerais,Sudeste
2752,3148905,31,MG,Minas Gerais,Sudeste
2753,3150505,31,MG,Minas Gerais,Sudeste
2754,3126109,31,MG,Minas Gerais,Sudeste
2755,3119955,31,MG,Minas Gerais,Sudeste
2756,3104205,31,MG,Minas Gerais,Sudeste
2757,3146503,31,MG,Minas Gerais,Sudeste
2758,3111903,31,MG,Minas Gerais,Sudeste
2759,3149903,31,MG,Minas Gerais,Sudeste
2760,3112000,31,MG,Minas Gerais,Sudeste
2761,3158805,31,MG,Minas Gerais,Sudeste
2762,3120201,31,MG,Minas Gerais,Sudeste
2763,3100807,31,MG,Minas Gerais,Sudeste
2764,3111200,31,MG,Minas Gerais,Sudeste
2765,3130002,31,MG,Minas Gerais,Sudeste
2766,3108008,31,MG,Minas Gerais,Sudeste
2767,3159902,31,MG,Minas Gerais,Sudeste
2768,3114006,31,MG,Minas Gerais,Sudeste
2769,3147709,31,MG,Minas Gerais,Sudeste
2770,3150604,31,MG,Minas Gerais,Sudeste
2771,3114501,31,MG,Minas Gerais,Sudeste
2772,3161205,31,MG,Minas Gerais,Sudeste
2773,3145604,31,MG,Minas Gerais,Sudeste
2774,3126307,31,MG,Minas Gerais,Sudeste
2775,3133758,31,MG,Minas Gerais,Sudeste
2776,3107604,31,MG,Minas Gerais,Sudeste
2777,3152907,31,MG,Minas Gerais,Sudeste
2778,3129707,31,MG,Minas Gerais,Sudeste
2779,3116407,31,MG,Minas Gerais,Sudeste
2780,3115102,31,MG,Minas Gerais,Sudeste
2781,3162948,31,MG,Minas Gerais,Sudeste
2782,3121209,31,MG,Minas Gerais,Sudeste
2783,3112406,31,MG,Minas Gerais,Sudeste
2784,3147907,31,MG,Minas Gerais,Sudeste
2785,3101904,31,MG,Minas Gerais,Sudeste
2786,3162203,31,MG,Minas Gerais,Sudeste
2787,3112802,31,MG,Minas Gerais,Sudeste
2788,3104106,31,MG,Minas Gerais,Sudeste
2789,3163904,31,MG,Minas Gerais,Sudeste
2790,3143005,31,MG,Minas Gerais,Sudeste
2791,3136900,31,MG,Minas Gerais,Sudeste
2792,3144102,31,MG,Minas Gerais,Sudeste
2793,3109501,31,MG,Minas Gerais,Sudeste
2794,3128709,31,MG,Minas Gerais,Sudeste
2795,3128303,31,MG,Minas Gerais,Sudeste
2796,3145109,31,MG,Minas Gerais,Sudeste
2797,3132909,31,MG,Minas Gerais,Sudeste
2798,3164704,31,MG,Minas Gerais,Sudeste
2799,3165107,31,MG,Minas Gerais,Sudeste
2800,3143203,31,MG,Minas Gerais,Sudeste
2801,3134806,31,MG,Minas Gerais,Sudeste
2802,3114402,31,MG,Minas Gerais,Sudeste
2803,3125200,31,MG,Minas Gerais,Sudeste
2804,3122405,31,MG,Minas Gerais,Sudeste
2805,3101607,31,MG,Minas Gerais,Sudeste
2806,3117108,31,MG,Minas Gerais,Sudeste
2807,3147204,31,MG,Minas Gerais,Sudeste
2808,3139003,31,MG,Minas Gerais,Sudeste
2809,3151701,31,MG,Minas Gerais,Sudeste
2810,3166907,31,MG,Minas Gerais,Sudeste
2811,3114709,31,MG,Minas Gerais,Sudeste
2812,3102001,31,MG,Minas Gerais,Sudeste
2813,3104304,31,MG,Minas Gerais,Sudeste
2814,3142601,31,MG,Minas Gerais,Sudeste
2815,3123601,31,MG,Minas Gerais,Sudeste
2816,3170701,31,MG,Minas Gerais,Sudeste
2817,3128105,31,MG,Minas Gerais,Sudeste
2818,3111309,31,MG,Minas Gerais,Sudeste
2819,3111606,31,MG,Minas Gerais,Sudeste
2820,3113909,31,MG,Minas Gerais,Sudeste
2821,3160801,31,MG,Minas Gerais,Sudeste
2822,3165206,31,MG,Minas Gerais,Sudeste
2823,3169307,31,MG,Minas Gerais,Sudeste
2824,3110905,31,MG,Minas Gerais,Sudeste
2825,3130507,31,MG,Minas Gerais,Sudeste
2826,3118700,31,MG,Minas Gerais,Sudeste
2827,3107109,31,MG,Minas Gerais,Sudeste
2828,3169406,31,MG,Minas Gerais,Sudeste
2829,3158300,31,MG,Minas Gerais,Sudeste
2830,3143401,31,MG,Minas Gerais,Sudeste
2831,3134905,31,MG,Minas Gerais,Sudeste
2832,3130606,31,MG,Minas Gerais,Sudeste
2833,3101409,31,MG,Minas Gerais,Sudeste
2834,3146008,31,MG,Minas Gerais,Sudeste
2835,3108404,31,MG,Minas Gerais,Sudeste
2836,3105301,31,MG,Minas Gerais,Sudeste
2837,3159209,31,MG,Minas Gerais,Sudeste
2838,3110301,31,MG,Minas Gerais,Sudeste
2839,3102605,31,MG,Minas Gerais,Sudeste
2840,3129905,31,MG,Minas Gerais,Sudeste
2841,3151800,31,MG,Minas Gerais,Sudeste
2842,3111002,31,MG,Minas Gerais,Sudeste
2843,3165578,31,MG,Minas Gerais,Sudeste
2844,3110509,31,MG,Minas Gerais,Sudeste
2845,3125101,31,MG,Minas Gerais,Sudeste
2846,3133600,31,MG,Minas Gerais,Sudeste
2847,3165800,31,MG,Minas Gerais,Sudeste
2848,3110608,31,MG,Minas Gerais,Sudeste
2849,3117900,31,MG,Minas Gerais,Sudeste
2850,3169059,31,MG,Minas Gerais,Sudeste
2851,3109105,31,MG,Minas Gerais,Sudeste
2852,3124500,31,MG,Minas Gerais,Sudeste
2853,3143807,31,MG,Minas Gerais,Sudeste
2854,3119906,31,MG,Minas Gerais,Sudeste
2855,3152501,31,MG,Minas Gerais,Sudeste
2856,3107901,31,MG,Minas Gerais,Sudeste
2857,3169109,31,MG,Minas Gerais,Sudeste
2858,3131505,31,MG,Minas Gerais,Sudeste
2859,3124401,31,MG,Minas Gerais,Sudeste
2860,3108305,31,MG,Minas Gerais,Sudeste
2861,3127404,31,MG,Minas Gerais,Sudeste
2862,3165404,31,MG,Minas Gerais,Sudeste
2863,3162005,31,MG,Minas Gerais,Sudeste
2864,3119005,31,MG,Minas Gerais,Sudeste
2865,3144409,31,MG,Minas Gerais,Sudeste
2866,3162302,31,MG,Minas Gerais,Sudeste
2867,3117801,31,MG,Minas Gerais,Sudeste
2868,3167400,31,MG,Minas Gerais,Sudeste
2869,3129202,31,MG,Minas Gerais,Sudeste
2870,3159605,31,MG,Minas Gerais,Sudeste
2871,3109709,31,MG,Minas Gerais,Sudeste
2872,3113602,31,MG,Minas Gerais,Sudeste
2873,3169802,31,MG,Minas Gerais,Sudeste
2874,3164407,31,MG,Minas Gerais,Sudeste
2875,3149101,31,MG,Minas Gerais,Sudeste
2876,3117207,31,MG,Minas Gerais,Sudeste
2877,3163201,31,MG,Minas Gerais,Sudeste
2878,3110707,31,MG,Minas Gerais,Sudeste
2879,3163706,31,MG,Minas Gerais,Sudeste
2880,3145505,31,MG,Minas Gerais,Sudeste
2881,3167806,31,MG,Minas Gerais,Sudeste
2882,3114105,31,MG,Minas Gerais,Sudeste
2883,3133006,31,MG,Minas Gerais,Sudeste
2884,3137809,31,MG,Minas Gerais,Sudeste
2885,3164902,31,MG,Minas Gerais,Sudeste
2886,3147600,31,MG,Minas Gerais,Sudeste
2887,3101300,31,MG,Minas Gerais,Sudeste
2888,3117702,31,MG,Minas Gerais,Sudeste
2889,3133105,31,MG,Minas Gerais,Sudeste
2890,3135902,31,MG,Minas Gerais,Sudeste
2891,3152600,31,MG,Minas Gerais,Sudeste
2892,3115508,31,MG,Minas Gerais,Sudeste
2893,3104908,31,MG,Minas Gerais,Sudeste
2894,3103603,31,MG,Minas Gerais,Sudeste
2895,3147808,31,MG,Minas Gerais,Sudeste
2896,3107208,31,MG,Minas Gerais,Sudeste
2897,3102803,31,MG,Minas Gerais,Sudeste
2898,3107505,31,MG,Minas Gerais,Sudeste
2899,3138500,31,MG,Minas Gerais,Sudeste
2900,3165305,31,MG,Minas Gerais,Sudeste
2901,3167004,31,MG,Minas Gerais,Sudeste
2902,3166402,31,MG,Minas Gerais,Sudeste
2903,3101201,31,MG,Minas Gerais,Sudeste
2904,3141900,31,MG,Minas Gerais,Sudeste
2905,3120805,31,MG,Minas Gerais,Sudeste
2906,3114808,31,MG,Minas Gerais,Sudeste
2907,3118502,31,MG,Minas Gerais,Sudeste
2908,3147303,31,MG,Minas Gerais,Sudeste
2909,3150901,31,MG,Minas Gerais,Sudeste
2910,3151008,31,MG,Minas Gerais,Sudeste
2911,3132404,31,MG,Minas Gerais,Sudeste
2912,3121100,31,MG,Minas Gerais,Sudeste
2913,3140407,31,MG,Minas Gerais,Sudeste
2914,3172202,31,MG,Minas Gerais,Sudeste
2915,3139904,31,MG,Minas Gerais,Sudeste
2916,3108909,31,MG,Minas Gerais,Sudeste
2917,3122801,31,MG,Minas Gerais,Sudeste
2918,3171709,31,MG,Minas Gerais,Sudeste
2919,3120508,31,MG,Minas Gerais,Sudeste
2920,3154705,31,MG,Minas Gerais,Sudeste
2921,3114600,31,MG,Minas Gerais,Sudeste
2922,3144607,31,MG,Minas Gerais,Sudeste
2923,3138203,31,MG,Minas Gerais,Sudeste
2924,3134301,31,MG,Minas Gerais,Sudeste
2925,3130408,31,MG,Minas Gerais,Sudeste
2926,3130804,31,MG,Minas Gerais,Sudeste
2927,3134509,31,MG,Minas Gerais,Sudeste
2928,3138708,31,MG,Minas Gerais,Sudeste
2929,3158706,31,MG,Minas Gerais,Sudeste
2930,3123007,31,MG,Minas Gerais,Sudeste
2931,3139102,31,MG,Minas Gerais,Sudeste
2932,3137403,31,MG,Minas Gerais,Sudeste
2933,3157336,31,MG,Minas Gerais,Sudeste
2934,3152709,31,MG,Minas Gerais,Sudeste
2935,3150307,31,MG,Minas Gerais,Sudeste
2936,3115201,31,MG,Minas Gerais,Sudeste
2937,3154200,31,MG,Minas Gerais,Sudeste
2938,3165008,31,MG,Minas Gerais,Sudeste
2939,3119708,31,MG,Minas Gerais,Sudeste
2940,3156106,31,MG,Minas Gerais,Sudeste
2941,3168804,31,MG,Minas Gerais,Sudeste
2942,3144508,31,MG,Minas Gerais,Sudeste
2943,3162500,31,MG,Minas Gerais,Sudeste
2944,3105905,31,MG,Minas Gerais,Sudeste
2945,3157302,31,MG,Minas Gerais,Sudeste
2946,3154408,31,MG,Minas Gerais,Sudeste
2947,3102902,31,MG,Minas Gerais,Sudeste
2948,3101631,31,MG,Minas Gerais,Sudeste
2949,3129400,31,MG,Minas Gerais,Sudeste
2950,3121506,31,MG,Minas Gerais,Sudeste
2951,3105608,31,MG,Minas Gerais,Sudeste
2952,3166204,31,MG,Minas Gerais,Sudeste
2953,3112208,31,MG,Minas Gerais,Sudeste
2954,3113107,31,MG,Minas Gerais,Sudeste
2955,3113206,31,MG,Minas Gerais,Sudeste
2956,3171154,31,MG,Minas Gerais,Sudeste
2957,3154002,31,MG,Minas Gerais,Sudeste
2958,3122702,31,MG,Minas Gerais,Sudeste
2959,3100401,31,MG,Minas Gerais,Sudeste
2960,3152105,31,MG,Minas Gerais,Sudeste
2961,3166303,31,MG,Minas Gerais,Sudeste
2962,3157401,31,MG,Minas Gerais,Sudeste
2963,3160108,31,MG,Minas Gerais,Sudeste
2964,3150208,31,MG,Minas Gerais,Sudeste
2965,3135506,31,MG,Minas Gerais,Sudeste
2966,3170503,31,MG,Minas Gerais,Sudeste
2967,3105707,31,MG,Minas Gerais,Sudeste
2968,3165560,31,MG,Minas Gerais,Sudeste
2969,3145851,31,MG,Minas Gerais,Sudeste
2970,3155009,31,MG,Minas Gerais,Sudeste
2971,3154903,31,MG,Minas Gerais,Sudeste
2972,3164001,31,MG,Minas Gerais,Sudeste
2973,3128204,31,MG,Minas Gerais,Sudeste
2974,3137700,31,MG,Minas Gerais,Sudeste
2975,3157906,31,MG,Minas Gerais,Sudeste
2976,3153509,31,MG,Minas Gerais,Sudeste
2977,3158904,31,MG,Minas Gerais,Sudeste
2978,3139409,31,MG,Minas Gerais,Sudeste
2979,3162559,31,MG,Minas Gerais,Sudeste
2980,3112901,31,MG,Minas Gerais,Sudeste
2981,3138674,31,MG,Minas Gerais,Sudeste
2982,3102050,31,MG,Minas Gerais,Sudeste
2983,3154150,31,MG,Minas Gerais,Sudeste
2984,3116001,31,MG,Minas Gerais,Sudeste
2985,3167608,31,MG,Minas Gerais,Sudeste
2986,3112109,31,MG,Minas Gerais,Sudeste
2987,3140530,31,MG,Minas Gerais,Sudeste
2988,3123528,31,MG,Minas Gerais,Sudeste
2989,3163607,31,MG,Minas Gerais,Sudeste
2990,3100302,31,MG,Minas Gerais,Sudeste
2991,3140902,31,MG,Minas Gerais,Sudeste
2992,3139508,31,MG,Minas Gerais,Sudeste
2993,3148756,31,MG,Minas Gerais,Sudeste
2994,3108701,31,MG,Minas Gerais,Sudeste
2995,3102506,31,MG,Minas Gerais,Sudeste
2996,3163805,31,MG,Minas Gerais,Sudeste
2997,3116704,31,MG,Minas Gerais,Sudeste
2998,3171303,31,MG,Minas Gerais,Sudeste
2999,3152303,31,MG,Minas Gerais,Sudeste
3000,3110202,31,MG,Minas Gerais,Sudeste
3001,3148301,31,MG,Minas Gerais,Sudeste
3002,3103702,31,MG,Minas Gerais,Sudeste
3003,3124005,31,MG,Minas Gerais,Sudeste
3004,3153103,31,MG,Minas Gerais,Sudeste
3005,3148806,31,MG,Minas Gerais,Sudeste
3006,3168507,31,MG,Minas Gerais,Sudeste
3007,3111705,31,MG,Minas Gerais,Sudeste
3008,3116308,31,MG,Minas Gerais,Sudeste
3009,3102100,31,MG,Minas Gerais,Sudeste
3010,3166006,31,MG,Minas Gerais,Sudeste
3011,3150802,31,MG,Minas Gerais,Sudeste
3012,3155207,31,MG,Minas Gerais,Sudeste
3013,3137908,31,MG,Minas Gerais,Sudeste
3014,3142205,31,MG,Minas Gerais,Sudeste
3015,3164431,31,MG,Minas Gerais,Sudeste
3016,3156452,31,MG,Minas Gerais,Sudeste
3017,3103108,31,MG,Minas Gerais,Sudeste
3018,3143906,31,MG,Minas Gerais,Sudeste
3019,3171402,31,MG,Minas Gerais,Sudeste
3020,3125952,31,MG,Minas Gerais,Sudeste
3021,3105509,31,MG,Minas Gerais,Sudeste
3022,3142106,31,MG,Minas Gerais,Sudeste
3023,3161403,31,MG,Minas Gerais,Sudeste
3024,3124906,31,MG,Minas Gerais,Sudeste
3025,3148202,31,MG,Minas Gerais,Sudeste
3026,3122009,31,MG,Minas Gerais,Sudeste
3027,3110103,31,MG,Minas Gerais,Sudeste
3028,3149002,31,MG,Minas Gerais,Sudeste
3029,3145877,31,MG,Minas Gerais,Sudeste
3030,3124203,31,MG,Minas Gerais,Sudeste
3031,3113305,31,MG,Minas Gerais,Sudeste
3032,3125309,31,MG,Minas Gerais,Sudeste
3033,3169208,31,MG,Minas Gerais,Sudeste
3034,3165701,31,MG,Minas Gerais,Sudeste
3035,3128808,31,MG,Minas Gerais,Sudeste
3036,3151305,31,MG,Minas Gerais,Sudeste
3037,3155801,31,MG,Minas Gerais,Sudeste
3038,3169901,31,MG,Minas Gerais,Sudeste
3039,3172004,31,MG,Minas Gerais,Sudeste
3040,3123304,31,MG,Minas Gerais,Sudeste
3041,3167905,31,MG,Minas Gerais,Sudeste
3042,3169000,31,MG,Minas Gerais,Sudeste
3043,3141603,31,MG,Minas Gerais,Sudeste
3044,3128402,31,MG,Minas Gerais,Sudeste
3045,3129004,31,MG,Minas Gerais,Sudeste
3046,3156304,31,MG,Minas Gerais,Sudeste
3047,3167301,31,MG,Minas Gerais,Sudeste
3048,3161502,31,MG,Minas Gerais,Sudeste
3049,3121902,31,MG,Minas Gerais,Sudeste
3050,3104601,31,MG,Minas Gerais,Sudeste
3051,3103306,31,MG,Minas Gerais,Sudeste
3052,3106804,31,MG,Minas Gerais,Sudeste
3053,3155900,31,MG,Minas Gerais,Sudeste
3054,3158607,31,MG,Minas Gerais,Sudeste
3055,3159308,31,MG,Minas Gerais,Sudeste
3056,3127388,31,MG,Minas Gerais,Sudeste
3057,3157278,31,MG,Minas Gerais,Sudeste
3058,3140803,31,MG,Minas Gerais,Sudeste
3059,3145406,31,MG,Minas Gerais,Sudeste
3060,3125002,31,MG,Minas Gerais,Sudeste
3061,3136702,31,MG,Minas Gerais,Sudeste
3062,3146602,31,MG,Minas Gerais,Sudeste
3063,3150109,31,MG,Minas Gerais,Sudeste
3064,3115904,31,MG,Minas Gerais,Sudeste
3065,3155405,31,MG,Minas Gerais,Sudeste
3066,3145703,31,MG,Minas Gerais,Sudeste
3067,3138609,31,MG,Minas Gerais,Sudeste
3068,3106101,31,MG,Minas Gerais,Sudeste
3069,3116209,31,MG,Minas Gerais,Sudeste
3070,3119609,31,MG,Minas Gerais,Sudeste
3071,3167509,31,MG,Minas Gerais,Sudeste
3072,3160702,31,MG,Minas Gerais,Sudeste
3073,3149408,31,MG,Minas Gerais,Sudeste
3074,3121308,31,MG,Minas Gerais,Sudeste
3075,3162906,31,MG,Minas Gerais,Sudeste
3076,3106903,31,MG,Minas Gerais,Sudeste
3077,3128501,31,MG,Minas Gerais,Sudeste
3078,3156205,31,MG,Minas Gerais,Sudeste
3079,3165602,31,MG,Minas Gerais,Sudeste
3080,3139805,31,MG,Minas Gerais,Sudeste
3081,3140209,31,MG,Minas Gerais,Sudeste
3082,3149507,31,MG,Minas Gerais,Sudeste
3083,3159407,31,MG,Minas Gerais,Sudeste
3084,3115300,31,MG,Minas Gerais,Sudeste
3085,3154101,31,MG,Minas Gerais,Sudeste
3086,3146701,31,MG,Minas Gerais,Sudeste
3087,3122900,31,MG,Minas Gerais,Sudeste
3088,3158409,31,MG,Minas Gerais,Sudeste
3089,3104403,31,MG,Minas Gerais,Sudeste
3090,3138401,31,MG,Minas Gerais,Sudeste
3091,3138005,31,MG,Minas Gerais,Sudeste
3092,3132602,31,MG,Minas Gerais,Sudeste
3093,3160009,31,MG,Minas Gerais,Sudeste
3094,3101508,31,MG,Minas Gerais,Sudeste
3095,3124609,31,MG,Minas Gerais,Sudeste
3096,3151107,31,MG,Minas Gerais,Sudeste
3097,3172103,31,MG,Minas Gerais,Sudeste
3098,3203304,32,ES,Espírito Santo,Sudeste
3099,3200169,32,ES,Espírito Santo,Sudeste
3100,3200904,32,ES,Espírito Santo,Sudeste
3101,3202108,32,ES,Espírito Santo,Sudeste
3102,3201001,32,ES,Espírito Santo,Sudeste
3103,3200136,32,ES,Espírito Santo,Sudeste
3104,3204708,32,ES,Espírito Santo,Sudeste
3105,3205176,32,ES,Espírito Santo,Sudeste
3106,3205150,32,ES,Espírito Santo,Sudeste
3107,3203908,32,ES,Espírito Santo,Sudeste
3108,3200805,32,ES,Espírito Santo,Sudeste
3109,3204658,32,ES,Espírito Santo,Sudeste
3110,3204005,32,ES,Espírito Santo,Sudeste
3111,3200359,32,ES,Espírito Santo,Sudeste
3112,3203353,32,ES,Espírito Santo,Sudeste
3113,3202256,32,ES,Espírito Santo,Sudeste
3114,3201506,32,ES,Espírito Santo,Sudeste
3115,3204252,32,ES,Espírito Santo,Sudeste
3116,3203502,32,ES,Espírito Santo,Sudeste
3117,3203601,32,ES,Espírito Santo,Sudeste
3118,3204104,32,ES,Espírito Santo,Sudeste
3119,3203056,32,ES,Espírito Santo,Sudeste
3120,3201605,32,ES,Espírito Santo,Sudeste
3121,3204054,32,ES,Espírito Santo,Sudeste
3122,3204906,32,ES,Espírito Santo,Sudeste
3123,3202207,32,ES,Espírito Santo,Sudeste
3124,3205010,32,ES,Espírito Santo,Sudeste
3125,3204351,32,ES,Espírito Santo,Sudeste
3126,3203130,32,ES,Espírito Santo,Sudeste
3127,3202504,32,ES,Espírito Santo,Sudeste
3128,3200607,32,ES,Espírito Santo,Sudeste
3129,3203205,32,ES,Espírito Santo,Sudeste
3130,3201704,32,ES,Espírito Santo,Sudeste
3131,3203163,32,ES,Espírito Santo,Sudeste
3132,3201902,32,ES,Espírito Santo,Sudeste
3133,3200102,32,ES,Espírito Santo,Sudeste
3134,3205069,32,ES,Espírito Santo,Sudeste
3135,3203346,32,ES,Espírito Santo,Sudeste
3136,3201159,32,ES,Espírito Santo,Sudeste
3137,3204559,32,ES,Espírito Santo,Sudeste
3138,3204500,32,ES,Espírito Santo,Sudeste
3139,3202900,32,ES,Espírito Santo,Sudeste
3140,3204609,32,ES,Espírito Santo,Sudeste
3141,3202702,32,ES,Espírito Santo,Sudeste
3142,3204955,32,ES,Espírito Santo,Sudeste
3143,3205200,32,ES,Espírito Santo,Sudeste
3144,3205309,32,ES,Espírito Santo,Sudeste
3145,3205002,32,ES,Espírito Santo,Sudeste
3146,3205101,32,ES,Espírito Santo,Sudeste
3147,3201308,32,ES,Espírito Santo,Sudeste
3148,3200300,32,ES,Espírito Santo,Sudeste
3149,3204203,32,ES,Espírito Santo,Sudeste
3150,3202405,32,ES,Espírito Santo,Sudeste
3151,3200409,32,ES,Espírito Santo,Sudeste
3152,3202603,32,ES,Espírito Santo,Sudeste
3153,3204401,32,ES,Espírito Santo,Sudeste
3154,3202009,32,ES,Espírito Santo,Sudeste
3155,3202306,32,ES,Espírito Santo,Sudeste
3156,3201803,32,ES,Espírito Santo,Sudeste
3157,3202553,32,ES,Espírito Santo,Sudeste
3158,3202652,32,ES,Espírito Santo,Sudeste
3159,3203700,32,ES,Espírito Santo,Sudeste
3160,3203007,32,ES,Espírito Santo,Sudeste
3161,3202454,32,ES,Espírito Santo,Sudeste
3162,3200201,32,ES,Espírito Santo,Sudeste
3163,3205036,32,ES,Espírito Santo,Sudeste
3164,3203106,32,ES,Espírito Santo,Sudeste
3165,3201209,32,ES,Espírito Santo,Sudeste
3166,3200706,32,ES,Espírito Santo,Sudeste
3167,3203403,32,ES,Espírito Santo,Sudeste
3168,3203809,32,ES,Espírito Santo,Sudeste
3169,3201407,32,ES,Espírito Santo,Sudeste
3170,3201100,32,ES,Espírito Santo,Sudeste
3171,3204807,32,ES,Espírito Santo,Sudeste
3172,3200508,32,ES,Espírito Santo,Sudeste
3173,3203320,32,ES,Espírito Santo,Sudeste
3174,3204302,32,ES,Espírito Santo,Sudeste
3175,3202801,32,ES,Espírito Santo,Sudeste
3176,3302056,33,RJ,Rio de Janeiro,Sudeste
3177,3302205,33,RJ,Rio de Janeiro,Sudeste
3178,3302304,33,RJ,Rio de Janeiro,Sudeste
3179,3300605,33,RJ,Rio de Janeiro,Sudeste
3180,3306156,33,RJ,Rio de Janeiro,Sudeste
3181,3303104,33,RJ,Rio de Janeiro,Sudeste
3182,3304102,33,RJ,Rio de Janeiro,Sudeste
3183,3305133,33,RJ,Rio de Janeiro,Sudeste
3184,3300159,33,RJ,Rio de Janeiro,Sudeste
3185,3303005,33,RJ,Rio de Janeiro,Sudeste
3186,3304706,33,RJ,Rio de Janeiro,Sudeste
3187,3302106,33,RJ,Rio de Janeiro,Sudeste
3188,3300902,33,RJ,Rio de Janeiro,Sudeste
3189,3305000,33,RJ,Rio de Janeiro,Sudeste
3190,3301157,33,RJ,Rio de Janeiro,Sudeste
3191,3304755,33,RJ,Rio de Janeiro,Sudeste
3192,3304805,33,RJ,Rio de Janeiro,Sudeste
3193,3301009,33,RJ,Rio de Janeiro,Sudeste
3194,3300936,33,RJ,Rio de Janeiro,Sudeste
3195,3304151,33,RJ,Rio de Janeiro,Sudeste
3196,3301405,33,RJ,Rio de Janeiro,Sudeste
3197,3302403,33,RJ,Rio de Janeiro,Sudeste
3198,3300225,33,RJ,Rio de Janeiro,Sudeste
3199,3305406,33,RJ,Rio de Janeiro,Sudeste
3200,3303708,33,RJ,Rio de Janeiro,Sudeste
3201,3306008,33,RJ,Rio de Janeiro,Sudeste
3202,3300951,33,RJ,Rio de Janeiro,Sudeste
3203,3301108,33,RJ,Rio de Janeiro,Sudeste
3204,3302452,33,RJ,Rio de Janeiro,Sudeste
3205,3301207,33,RJ,Rio de Janeiro,Sudeste
3206,3301504,33,RJ,Rio de Janeiro,Sudeste
3207,3300506,33,RJ,Rio de Janeiro,Sudeste
3208,3305703,33,RJ,Rio de Janeiro,Sudeste
3209,3301603,33,RJ,Rio de Janeiro,Sudeste
3210,3303401,33,RJ,Rio de Janeiro,Sudeste
3211,3305307,33,RJ,Rio de Janeiro,Sudeste
3212,3305901,33,RJ,Rio de Janeiro,Sudeste
3213,3304607,33,RJ,Rio de Janeiro,Sudeste
3214,3305604,33,RJ,Rio de Janeiro,Sudeste
3215,3301306,33,RJ,Rio de Janeiro,Sudeste
3216,3304524,33,RJ,Rio de Janeiro,Sudeste
3217,3305505,33,RJ,Rio de Janeiro,Sudeste
3218,3300704,33,RJ,Rio de Janeiro,Sudeste
3219,3301876,33,RJ,Rio de Janeiro,Sudeste
3220,3300258,33,RJ,Rio de Janeiro,Sudeste
3221,3300233,33,RJ,Rio de Janeiro,Sudeste
3222,3305208,33,RJ,Rio de Janeiro,Sudeste
3223,3300209,33,RJ,Rio de Janeiro,Sudeste
3224,3306305,33,RJ,Rio de Janeiro,Sudeste
3225,3303955,33,RJ,Rio de Janeiro,Sudeste
3226,3304409,33,RJ,Rio de Janeiro,Sudeste
3227,3304003,33,RJ,Rio de Janeiro,Sudeste
3228,3300407,33,RJ,Rio de Janeiro,Sudeste
3229,3304110,33,RJ,Rio de Janeiro,Sudeste
3230,3302254,33,RJ,Rio de Janeiro,Sudeste
3231,3304201,33,RJ,Rio de Janeiro,Sudeste
3232,3304128,33,RJ,Rio de Janeiro,Sudeste
3233,3300308,33,RJ,Rio de Janeiro,Sudeste
3234,3306107,33,RJ,Rio de Janeiro,Sudeste
3235,3304508,33,RJ,Rio de Janeiro,Sudeste
3236,3303807,33,RJ,Rio de Janeiro,Sudeste
3237,3300100,33,RJ,Rio de Janeiro,Sudeste
3238,3303609,33,RJ,Rio de Janeiro,Sudeste
3239,3301801,33,RJ,Rio de Janeiro,Sudeste
3240,3302809,33,RJ,Rio de Janeiro,Sudeste
3241,3306206,33,RJ,Rio de Janeiro,Sudeste
3242,3303856,33,RJ,Rio de Janeiro,Sudeste
3243,3302908,33,RJ,Rio de Janeiro,Sudeste
3244,3303906,33,RJ,Rio de Janeiro,Sudeste
3245,3305802,33,RJ,Rio de Janeiro,Sudeste
3246,3305158,33,RJ,Rio de Janeiro,Sudeste
3247,3300803,33,RJ,Rio de Janeiro,Sudeste
3248,3304300,33,RJ,Rio de Janeiro,Sudeste
3249,3305554,33,RJ,Rio de Janeiro,Sudeste
3250,3302601,33,RJ,Rio de Janeiro,Sudeste
3251,3302007,33,RJ,Rio de Janeiro,Sudeste
3252,3301900,33,RJ,Rio de Janeiro,Sudeste
3253,3302270,33,RJ,Rio de Janeiro,Sudeste
3254,3303302,33,RJ,Rio de Janeiro,Sudeste
3255,3305109,33,RJ,Rio de Janeiro,Sudeste
3256,3301850,33,RJ,Rio de Janeiro,Sudeste
3257,3305752,33,RJ,Rio de Janeiro,Sudeste
3258,3303203,33,RJ,Rio de Janeiro,Sudeste
3259,3303500,33,RJ,Rio de Janeiro,Sudeste
3260,3304557,33,RJ,Rio de Janeiro,Sudeste
3261,3301702,33,RJ,Rio de Janeiro,Sudeste
3262,3300456,33,RJ,Rio de Janeiro,Sudeste
3263,3304904,33,RJ,Rio de Janeiro,Sudeste
3264,3302700,33,RJ,Rio de Janeiro,Sudeste
3265,3302858,33,RJ,Rio de Janeiro,Sudeste
3266,3304144,33,RJ,Rio de Janeiro,Sudeste
3267,3302502,33,RJ,Rio de Janeiro,Sudeste
3268,3529658,35,SP,São Paulo,Sudeste
3269,3503950,35,SP,São Paulo,Sudeste
3270,3549003,35,SP,São Paulo,Sudeste
3271,3556958,35,SP,São Paulo,Sudeste
3272,3513850,35,SP,São Paulo,Sudeste
3273,3514205,35,SP,São Paulo,Sudeste
3274,3555802,35,SP,São Paulo,Sudeste
3275,3529104,35,SP,São Paulo,Sudeste
3276,3502606,35,SP,São Paulo,Sudeste
3277,3540408,35,SP,São Paulo,Sudeste
3278,3524808,35,SP,São Paulo,Sudeste
3279,3547650,35,SP,São Paulo,Sudeste
3280,3535903,35,SP,São Paulo,Sudeste
3281,3545704,35,SP,São Paulo,Sudeste
3282,3535200,35,SP,São Paulo,Sudeste
3283,3540259,35,SP,São Paulo,Sudeste
3284,3532843,35,SP,São Paulo,Sudeste
3285,3546603,35,SP,São Paulo,Sudeste
3286,3547205,35,SP,São Paulo,Sudeste
3287,3544509,35,SP,São Paulo,Sudeste
3288,3554904,35,SP,São Paulo,Sudeste
3289,3546108,35,SP,São Paulo,Sudeste
3290,3547403,35,SP,São Paulo,Sudeste
3291,3555307,35,SP,São Paulo,Sudeste
3292,3549201,35,SP,São Paulo,Sudeste
3293,3536901,35,SP,São Paulo,Sudeste
3294,3518008,35,SP,São Paulo,Sudeste
3295,3528205,35,SP,São Paulo,Sudeste
3296,3530003,35,SP,São Paulo,Sudeste
3297,3515202,35,SP,São Paulo,Sudeste
3298,3520707,35,SP,São Paulo,Sudeste
3299,3515509,35,SP,São Paulo,Sudeste
3300,3534757,35,SP,São Paulo,Sudeste
3301,3529609,35,SP,São Paulo,Sudeste
3302,3510708,35,SP,São Paulo,Sudeste
3303,3540309,35,SP,São Paulo,Sudeste
3304,3557105,35,SP,São Paulo,Sudeste
3305,3536257,35,SP,São Paulo,Sudeste
3306,3501202,35,SP,São Paulo,Sudeste
3307,3512902,35,SP,São Paulo,Sudeste
3308,3544202,35,SP,São Paulo,Sudeste
3309,3556107,35,SP,São Paulo,Sudeste
3310,3501806,35,SP,São Paulo,Sudeste
3311,3557154,35,SP,São Paulo,Sudeste
3312,3549805,35,SP,São Paulo,Sudeste
3313,3504602,35,SP,São Paulo,Sudeste
3314,3517505,35,SP,São Paulo,Sudeste
3315,3539608,35,SP,São Paulo,Sudeste
3316,3555356,35,SP,São Paulo,Sudeste
3317,3555604,35,SP,São Paulo,Sudeste
3318,3524501,35,SP,São Paulo,Sudeste
3319,3534203,35,SP,São Paulo,Sudeste
3320,3535002,35,SP,São Paulo,Sudeste
3321,3529500,35,SP,São Paulo,Sudeste
3322,3533007,35,SP,São Paulo,Sudeste
3323,3519808,35,SP,São Paulo,Sudeste
3324,3536604,35,SP,São Paulo,Sudeste
3325,3500204,35,SP,São Paulo,Sudeste
3326,3525706,35,SP,São Paulo,Sudeste
3327,3521150,35,SP,São Paulo,Sudeste
3328,3530409,35,SP,São Paulo,Sudeste
3329,3504800,35,SP,São Paulo,Sudeste
3330,3553401,35,SP,São Paulo,Sudeste
3331,3532801,35,SP,São Paulo,Sudeste
3332,3540804,35,SP,São Paulo,Sudeste
3333,3534005,35,SP,São Paulo,Sudeste
3334,3511300,35,SP,São Paulo,Sudeste
3335,3530300,35,SP,São Paulo,Sudeste
3336,3500907,35,SP,São Paulo,Sudeste
3337,3519402,35,SP,São Paulo,Sudeste
3338,3533908,35,SP,São Paulo,Sudeste
3339,3517901,35,SP,São Paulo,Sudeste
3340,3511201,35,SP,São Paulo,Sudeste
3341,3533254,35,SP,São Paulo,Sudeste
3342,3538105,35,SP,São Paulo,Sudeste
3343,3511102,35,SP,São Paulo,Sudeste
3344,3545605,35,SP,São Paulo,Sudeste
3345,3535705,35,SP,São Paulo,Sudeste
3346,3503703,35,SP,São Paulo,Sudeste
3347,3514924,35,SP,São Paulo,Sudeste
3348,3514957,35,SP,São Paulo,Sudeste
3349,3535101,35,SP,São Paulo,Sudeste
3350,3552601,35,SP,São Paulo,Sudeste
3351,3551900,35,SP,São Paulo,Sudeste
3352,3509304,35,SP,São Paulo,Sudeste
3353,3516804,35,SP,São Paulo,Sudeste
3354,3532868,35,SP,São Paulo,Sudeste
3355,3504206,35,SP,São Paulo,Sudeste
3356,3516903,35,SP,São Paulo,Sudeste
3357,3533304,35,SP,São Paulo,Sudeste
3358,3528304,35,SP,São Paulo,Sudeste
3359,3518909,35,SP,São Paulo,Sudeste
3360,3515905,35,SP,São Paulo,Sudeste
3361,3549250,35,SP,São Paulo,Sudeste
3362,3531001,35,SP,São Paulo,Sudeste
3363,3539905,35,SP,São Paulo,Sudeste
3364,3532702,35,SP,São Paulo,Sudeste
3365,3528106,35,SP,São Paulo,Sudeste
3366,3531407,35,SP,São Paulo,Sudeste
3367,3555703,35,SP,São Paulo,Sudeste
3368,3532504,35,SP,São Paulo,Sudeste
3369,3532603,35,SP,São Paulo,Sudeste
3370,3551306,35,SP,São Paulo,Sudeste
3371,3521507,35,SP,São Paulo,Sudeste
3372,3544806,35,SP,São Paulo,Sudeste
3373,3533502,35,SP,São Paulo,Sudeste
3374,3556008,35,SP,São Paulo,Sudeste
3375,3528858,35,SP,São Paulo,Sudeste
3376,3521903,35,SP,São Paulo,Sudeste
3377,3512100,35,SP,São Paulo,Sudeste
3378,3505500,35,SP,São Paulo,Sudeste
3379,3512001,35,SP,São Paulo,Sudeste
3380,3524204,35,SP,São Paulo,Sudeste
3381,3517406,35,SP,São Paulo,Sudeste
3382,3544905,35,SP,São Paulo,Sudeste
3383,3531902,35,SP,São Paulo,Sudeste
3384,3534302,35,SP,São Paulo,Sudeste
3385,3521309,35,SP,São Paulo,Sudeste
3386,3533601,35,SP,São Paulo,Sudeste
3387,3549409,35,SP,São Paulo,Sudeste
3388,3529708,35,SP,São Paulo,Sudeste
3389,3503000,35,SP,São Paulo,Sudeste
3390,3508207,35,SP,São Paulo,Sudeste
3391,3520103,35,SP,São Paulo,Sudeste
3392,3524105,35,SP,São Paulo,Sudeste
3393,3517703,35,SP,São Paulo,Sudeste
3394,3537008,35,SP,São Paulo,Sudeste
3395,3549508,35,SP,São Paulo,Sudeste
3396,3543600,35,SP,São Paulo,Sudeste
3397,3523701,35,SP,São Paulo,Sudeste
3398,3543105,35,SP,São Paulo,Sudeste
3399,3536307,35,SP,São Paulo,Sudeste
3400,3516200,35,SP,São Paulo,Sudeste
3401,3542701,35,SP,São Paulo,Sudeste
3402,3513207,35,SP,São Paulo,Sudeste
3403,3525409,35,SP,São Paulo,Sudeste
3404,3515608,35,SP,São Paulo,Sudeste
3405,3556909,35,SP,São Paulo,Sudeste
3406,3539004,35,SP,São Paulo,Sudeste
3407,3531308,35,SP,São Paulo,Sudeste
3408,3524303,35,SP,São Paulo,Sudeste
3409,3518602,35,SP,São Paulo,Sudeste
3410,3546504,35,SP,São Paulo,Sudeste
3411,3539509,35,SP,São Paulo,Sudeste
3412,3531506,35,SP,São Paulo,Sudeste
3413,3556800,35,SP,São Paulo,Sudeste
3414,3553203,35,SP,São Paulo,Sudeste
3415,3554409,35,SP,São Paulo,Sudeste
3416,3506102,35,SP,São Paulo,Sudeste
3417,3553658,35,SP,São Paulo,Sudeste
3418,3553104,35,SP,São Paulo,Sudeste
3419,3553708,35,SP,São Paulo,Sudeste
3420,3510104,35,SP,São Paulo,Sudeste
3421,3518859,35,SP,São Paulo,Sudeste
3422,3525102,35,SP,São Paulo,Sudeste
3423,3547601,35,SP,São Paulo,Sudeste
3424,3551405,35,SP,São Paulo,Sudeste
3425,3514601,35,SP,São Paulo,Sudeste
3426,3540200,35,SP,São Paulo,Sudeste
3427,3527603,35,SP,São Paulo,Sudeste
3428,3550902,35,SP,São Paulo,Sudeste
3429,3513108,35,SP,São Paulo,Sudeste
3430,3551504,35,SP,São Paulo,Sudeste
3431,3543402,35,SP,São Paulo,Sudeste
3432,3507803,35,SP,São Paulo,Sudeste
3433,3505609,35,SP,São Paulo,Sudeste
3434,3551702,35,SP,São Paulo,Sudeste
3435,3540903,35,SP,São Paulo,Sudeste
3436,3547502,35,SP,São Paulo,Sudeste
3437,3510906,35,SP,São Paulo,Sudeste
3438,3509403,35,SP,São Paulo,Sudeste
3439,3547908,35,SP,São Paulo,Sudeste
3440,3501004,35,SP,São Paulo,Sudeste
3441,3546256,35,SP,São Paulo,Sudeste
3442,3505906,35,SP,São Paulo,Sudeste
3443,3520442,35,SP,São Paulo,Sudeste
3444,3523008,35,SP,São Paulo,Sudeste
3445,3532108,35,SP,São Paulo,Sudeste
3446,3530102,35,SP,São Paulo,Sudeste
3447,3517802,35,SP,São Paulo,Sudeste
3448,3502101,35,SP,São Paulo,Sudeste
3449,3511003,35,SP,São Paulo,Sudeste
3450,3533205,35,SP,São Paulo,Sudeste
3451,3537404,35,SP,São Paulo,Sudeste
3452,3552304,35,SP,São Paulo,Sudeste
3453,3552551,35,SP,São Paulo,Sudeste
3454,3502804,35,SP,São Paulo,Sudeste
3455,3544400,35,SP,São Paulo,Sudeste
3456,3506201,35,SP,São Paulo,Sudeste
3457,3556305,35,SP,São Paulo,Sudeste
3458,3518206,35,SP,São Paulo,Sudeste
3459,3548054,35,SP,São Paulo,Sudeste
3460,3526506,35,SP,São Paulo,Sudeste
3461,3537305,35,SP,São Paulo,Sudeste
3462,3516507,35,SP,São Paulo,Sudeste
3463,3548401,35,SP,São Paulo,Sudeste
3464,3512506,35,SP,São Paulo,Sudeste
3465,3506508,35,SP,São Paulo,Sudeste
3466,3517109,35,SP,São Paulo,Sudeste
3467,3501103,35,SP,São Paulo,Sudeste
3468,3507753,35,SP,São Paulo,Sudeste
3469,3527702,35,SP,São Paulo,Sudeste
3470,3505104,35,SP,São Paulo,Sudeste
3471,3506409,35,SP,São Paulo,Sudeste
3472,3508108,35,SP,São Paulo,Sudeste
3473,3511904,35,SP,São Paulo,Sudeste
3474,3507704,35,SP,São Paulo,Sudeste
3475,3537701,35,SP,São Paulo,Sudeste
3476,3504404,35,SP,São Paulo,Sudeste
3477,3527256,35,SP,São Paulo,Sudeste
3478,3555208,35,SP,São Paulo,Sudeste
3479,3541604,35,SP,São Paulo,Sudeste
3480,3508801,35,SP,São Paulo,Sudeste
3481,3527108,35,SP,São Paulo,Sudeste
3482,3517208,35,SP,São Paulo,Sudeste
3483,3544608,35,SP,São Paulo,Sudeste
3484,3525805,35,SP,São Paulo,Sudeste
3485,3517307,35,SP,São Paulo,Sudeste
3486,3517000,35,SP,São Paulo,Sudeste
3487,3504305,35,SP,São Paulo,Sudeste
3488,3507456,35,SP,São Paulo,Sudeste
3489,3539400,35,SP,São Paulo,Sudeste
3490,3500709,35,SP,São Paulo,Sudeste
3491,3519105,35,SP,São Paulo,Sudeste
3492,3508306,35,SP,São Paulo,Sudeste
3493,3514502,35,SP,São Paulo,Sudeste
3494,3536570,35,SP,São Paulo,Sudeste
3495,3527504,35,SP,São Paulo,Sudeste
3496,3506003,35,SP,São Paulo,Sudeste
3497,3526803,35,SP,São Paulo,Sudeste
3498,3503406,35,SP,São Paulo,Sudeste
3499,3555505,35,SP,São Paulo,Sudeste
3500,3541109,35,SP,São Paulo,Sudeste
3501,3542503,35,SP,São Paulo,Sudeste
3502,3504701,35,SP,São Paulo,Sudeste
3503,3538907,35,SP,São Paulo,Sudeste
3504,3503604,35,SP,São Paulo,Sudeste
3505,3555901,35,SP,São Paulo,Sudeste
3506,3540101,35,SP,São Paulo,Sudeste
3507,3518107,35,SP,São Paulo,Sudeste
3508,3536703,35,SP,São Paulo,Sudeste
3509,3528007,35,SP,São Paulo,Sudeste
3510,3505203,35,SP,São Paulo,Sudeste
3511,3520004,35,SP,São Paulo,Sudeste
3512,3529807,35,SP,São Paulo,Sudeste
3513,3505302,35,SP,São Paulo,Sudeste
3514,3522901,35,SP,São Paulo,Sudeste
3515,3525300,35,SP,São Paulo,Sudeste
3516,3522000,35,SP,São Paulo,Sudeste
3517,3506805,35,SP,São Paulo,Sudeste
3518,3514106,35,SP,São Paulo,Sudeste
3519,3507308,35,SP,São Paulo,Sudeste
3520,3503109,35,SP,São Paulo,Sudeste
3521,3519253,35,SP,São Paulo,Sudeste
3522,3535804,35,SP,São Paulo,Sudeste
3523,3500550,35,SP,São Paulo,Sudeste
3524,3521804,35,SP,São Paulo,Sudeste
3525,3511409,35,SP,São Paulo,Sudeste
3526,3504503,35,SP,São Paulo,Sudeste
3527,3523503,35,SP,São Paulo,Sudeste
3528,3506904,35,SP,São Paulo,Sudeste
3529,3541059,35,SP,São Paulo,Sudeste
3530,3512308,35,SP,São Paulo,Sudeste
3531,3536109,35,SP,São Paulo,Sudeste
3532,3550100,35,SP,São Paulo,Sudeste
3533,3507506,35,SP,São Paulo,Sudeste
3534,3502309,35,SP,São Paulo,Sudeste
3535,3543709,35,SP,São Paulo,Sudeste
3536,3522703,35,SP,São Paulo,Sudeste
3537,3506706,35,SP,São Paulo,Sudeste
3538,3501707,35,SP,São Paulo,Sudeste
3539,3516853,35,SP,São Paulo,Sudeste
3540,3546900,35,SP,São Paulo,Sudeste
3541,3507407,35,SP,São Paulo,Sudeste
3542,3532900,35,SP,São Paulo,Sudeste
3543,3529302,35,SP,São Paulo,Sudeste
3544,3503208,35,SP,São Paulo,Sudeste
3545,3519600,35,SP,São Paulo,Sudeste
3546,3554755,35,SP,São Paulo,Sudeste
3547,3532058,35,SP,São Paulo,Sudeste
3548,3514007,35,SP,São Paulo,Sudeste
3549,3552700,35,SP,São Paulo,Sudeste
3550,3514304,35,SP,São Paulo,Sudeste
3551,3513702,35,SP,São Paulo,Sudeste
3552,3548906,35,SP,São Paulo,Sudeste
3553,3519303,35,SP,São Paulo,Sudeste
3554,3542909,35,SP,São Paulo,Sudeste
3555,3502002,35,SP,São Paulo,Sudeste
3556,3554706,35,SP,São Paulo,Sudeste
3557,3507902,35,SP,São Paulo,Sudeste
3558,3523602,35,SP,São Paulo,Sudeste
3559,3543907,35,SP,São Paulo,Sudeste
3560,3521101,35,SP,São Paulo,Sudeste
3561,3512704,35,SP,São Paulo,Sudeste
3562,3526902,35,SP,São Paulo,Sudeste
3563,3521408,35,SP,São Paulo,Sudeste
3564,3512407,35,SP,São Paulo,Sudeste
3565,3512209,35,SP,São Paulo,Sudeste
3566,3526704,35,SP,São Paulo,Sudeste
3567,3546207,35,SP,São Paulo,Sudeste
3568,3503307,35,SP,São Paulo,Sudeste
3569,3546702,35,SP,São Paulo,Sudeste
3570,3525854,35,SP,São Paulo,Sudeste
3571,3554508,35,SP,São Paulo,Sudeste
3572,3511706,35,SP,São Paulo,Sudeste
3573,3510401,35,SP,São Paulo,Sudeste
3574,3542107,35,SP,São Paulo,Sudeste
3575,3538709,35,SP,São Paulo,Sudeste
3576,3500600,35,SP,São Paulo,Sudeste
3577,3545159,35,SP,São Paulo,Sudeste
3578,3544004,35,SP,São Paulo,Sudeste
3579,3550407,35,SP,São Paulo,Sudeste
3580,3530904,35,SP,São Paulo,Sudeste
3581,3547007,35,SP,São Paulo,Sudeste
3582,3539301,35,SP,São Paulo,Sudeste
3583,3540705,35,SP,São Paulo,Sudeste
3584,3500303,35,SP,São Paulo,Sudeste
3585,3546306,35,SP,São Paulo,Sudeste
3586,3548104,35,SP,São Paulo,Sudeste
3587,3556404,35,SP,São Paulo,Sudeste
3588,3510807,35,SP,São Paulo,Sudeste
3589,3553302,35,SP,São Paulo,Sudeste
3590,3515186,35,SP,São Paulo,Sudeste
3591,3500402,35,SP,São Paulo,Sudeste
3592,3549102,35,SP,São Paulo,Sudeste
3593,3508702,35,SP,São Paulo,Sudeste
3594,3550803,35,SP,São Paulo,Sudeste
3595,3523800,35,SP,São Paulo,Sudeste
3596,3513900,35,SP,São Paulo,Sudeste
3597,3549706,35,SP,São Paulo,Sudeste
3598,3530508,35,SP,São Paulo,Sudeste
3599,3553609,35,SP,São Paulo,Sudeste
3600,3503802,35,SP,São Paulo,Sudeste
3601,3548005,35,SP,São Paulo,Sudeste
3602,3515152,35,SP,São Paulo,Sudeste
3603,3530706,35,SP,São Paulo,Sudeste
3604,3522604,35,SP,São Paulo,Sudeste
3605,3557303,35,SP,São Paulo,Sudeste
3606,3530805,35,SP,São Paulo,Sudeste
3607,3509502,35,SP,São Paulo,Sudeste
3608,3519055,35,SP,São Paulo,Sudeste
3609,3531803,35,SP,São Paulo,Sudeste
3610,3501608,35,SP,São Paulo,Sudeste
3611,3556206,35,SP,São Paulo,Sudeste
3612,3556701,35,SP,São Paulo,Sudeste
3613,3536505,35,SP,São Paulo,Sudeste
3614,3512803,35,SP,São Paulo,Sudeste
3615,3524709,35,SP,São Paulo,Sudeste
3616,3545803,35,SP,São Paulo,Sudeste
3617,3514908,35,SP,São Paulo,Sudeste
3618,3520509,35,SP,São Paulo,Sudeste
3619,3519071,35,SP,São Paulo,Sudeste
3620,3552403,35,SP,São Paulo,Sudeste
3621,3537107,35,SP,São Paulo,Sudeste
3622,3533403,35,SP,São Paulo,Sudeste
3623,3538204,35,SP,São Paulo,Sudeste
3624,3536802,35,SP,São Paulo,Sudeste
3625,3552106,35,SP,São Paulo,Sudeste
3626,3527009,35,SP,São Paulo,Sudeste
3627,3501905,35,SP,São Paulo,Sudeste
3628,3500501,35,SP,São Paulo,Sudeste
3629,3551603,35,SP,São Paulo,Sudeste
3630,3531209,35,SP,São Paulo,Sudeste
3631,3531605,35,SP,São Paulo,Sudeste
3632,3547106,35,SP,São Paulo,Sudeste
3633,3549300,35,SP,São Paulo,Sudeste
3634,3526001,35,SP,São Paulo,Sudeste
3635,3533106,35,SP,São Paulo,Sudeste
3636,3514403,35,SP,São Paulo,Sudeste
3637,3534807,35,SP,São Paulo,Sudeste
3638,3535408,35,SP,São Paulo,Sudeste
3639,3555109,35,SP,São Paulo,Sudeste
3640,3536406,35,SP,São Paulo,Sudeste
3641,3543808,35,SP,São Paulo,Sudeste
3642,3536000,35,SP,São Paulo,Sudeste
3643,3500105,35,SP,São Paulo,Sudeste
3644,3520806,35,SP,São Paulo,Sudeste
3645,3534906,35,SP,São Paulo,Sudeste
3646,3544707,35,SP,São Paulo,Sudeste
3647,3516002,35,SP,São Paulo,Sudeste
3648,3534609,35,SP,São Paulo,Sudeste
3649,3540853,35,SP,São Paulo,Sudeste
3650,3527405,35,SP,São Paulo,Sudeste
3651,3545100,35,SP,São Paulo,Sudeste
3652,3528908,35,SP,São Paulo,Sudeste
3653,3521606,35,SP,São Paulo,Sudeste
3654,3515806,35,SP,São Paulo,Sudeste
3655,3539202,35,SP,São Paulo,Sudeste
3656,3515350,35,SP,São Paulo,Sudeste
3657,3545506,35,SP,São Paulo,Sudeste
3658,3541208,35,SP,São Paulo,Sudeste
3659,3547700,35,SP,São Paulo,Sudeste
3660,3500808,35,SP,São Paulo,Sudeste
3661,3541406,35,SP,São Paulo,Sudeste
3662,3542206,35,SP,São Paulo,Sudeste
3663,3543238,35,SP,São Paulo,Sudeste
3664,3529203,35,SP,São Paulo,Sudeste
3665,3501301,35,SP,São Paulo,Sudeste
3666,3530201,35,SP,São Paulo,Sudeste
3667,3532207,35,SP,São Paulo,Sudeste
3668,3554300,35,SP,São Paulo,Sudeste
3669,3520608,35,SP,São Paulo,Sudeste
3670,3515301,35,SP,São Paulo,Sudeste
3671,3525607,35,SP,São Paulo,Sudeste
3672,3515129,35,SP,São Paulo,Sudeste
3673,3544251,35,SP,São Paulo,Sudeste
3674,3553906,35,SP,São Paulo,Sudeste
3675,3502408,35,SP,São Paulo,Sudeste
3676,3542404,35,SP,São Paulo,Sudeste
3677,3552908,35,SP,São Paulo,Sudeste
3678,3548302,35,SP,São Paulo,Sudeste
3679,3508900,35,SP,São Paulo,Sudeste
3680,3528700,35,SP,São Paulo,Sudeste
3681,3509106,35,SP,São Paulo,Sudeste
3682,3541307,35,SP,São Paulo,Sudeste
3683,3538303,35,SP,São Paulo,Sudeste
3684,3541505,35,SP,São Paulo,Sudeste
3685,3542008,35,SP,São Paulo,Sudeste
3686,3555000,35,SP,São Paulo,Sudeste
3687,3505807,35,SP,São Paulo,Sudeste
3688,3519204,35,SP,São Paulo,Sudeste
3689,3519006,35,SP,São Paulo,Sudeste
3690,3541802,35,SP,São Paulo,Sudeste
3691,3503356,35,SP,São Paulo,Sudeste
3692,3514700,35,SP,São Paulo,Sudeste
3693,3501509,35,SP,São Paulo,Sudeste
3694,3534104,35,SP,São Paulo,Sudeste
3695,3501400,35,SP,São Paulo,Sudeste
3696,3515657,35,SP,São Paulo,Sudeste
3697,3556602,35,SP,São Paulo,Sudeste
3698,3529005,35,SP,São Paulo,Sudeste
3699,3540002,35,SP,São Paulo,Sudeste
3700,3533700,35,SP,São Paulo,Sudeste
3701,3516606,35,SP,São Paulo,Sudeste
3702,3527801,35,SP,São Paulo,Sudeste
3703,3516705,35,SP,São Paulo,Sudeste
3704,3534500,35,SP,São Paulo,Sudeste
3705,3509809,35,SP,São Paulo,Sudeste
3706,3553955,35,SP,São Paulo,Sudeste
3707,3535507,35,SP,São Paulo,Sudeste
3708,3513306,35,SP,São Paulo,Sudeste
3709,3510005,35,SP,São Paulo,Sudeste
3710,3537156,35,SP,São Paulo,Sudeste
3711,3527900,35,SP,São Paulo,Sudeste
3712,3516101,35,SP,São Paulo,Sudeste
3713,3535309,35,SP,São Paulo,Sudeste
3714,3528809,35,SP,São Paulo,Sudeste
3715,3504008,35,SP,São Paulo,Sudeste
3716,3507209,35,SP,São Paulo,Sudeste
3717,3539707,35,SP,São Paulo,Sudeste
3718,3519501,35,SP,São Paulo,Sudeste
3719,3532157,35,SP,São Paulo,Sudeste
3720,3541703,35,SP,São Paulo,Sudeste
3721,3519907,35,SP,São Paulo,Sudeste
3722,3528601,35,SP,São Paulo,Sudeste
3723,3553005,35,SP,São Paulo,Sudeste
3724,3533809,35,SP,São Paulo,Sudeste
3725,3534708,35,SP,São Paulo,Sudeste
3726,3515194,35,SP,São Paulo,Sudeste
3727,3550506,35,SP,São Paulo,Sudeste
3728,3546405,35,SP,São Paulo,Sudeste
3729,3545407,35,SP,São Paulo,Sudeste
3730,3520905,35,SP,São Paulo,Sudeste
3731,3557204,35,SP,São Paulo,Sudeste
3732,3543204,35,SP,São Paulo,Sudeste
3733,3510153,35,SP,São Paulo,Sudeste
3734,3506300,35,SP,São Paulo,Sudeste
3735,3554607,35,SP,São Paulo,Sudeste
3736,3515400,35,SP,São Paulo,Sudeste
3737,3551207,35,SP,São Paulo,Sudeste
3738,3538808,35,SP,São Paulo,Sudeste
3739,3554201,35,SP,São Paulo,Sudeste
3740,3507159,35,SP,São Paulo,Sudeste
3741,3543501,35,SP,São Paulo,Sudeste
3742,3523206,35,SP,São Paulo,Sudeste
3743,3522802,35,SP,São Paulo,Sudeste
3744,3508009,35,SP,São Paulo,Sudeste
3745,3521705,35,SP,São Paulo,Sudeste
3746,3553856,35,SP,São Paulo,Sudeste
3747,3505005,35,SP,São Paulo,Sudeste
3748,3532827,35,SP,São Paulo,Sudeste
3749,3522406,35,SP,São Paulo,Sudeste
3750,3512605,35,SP,São Paulo,Sudeste
3751,3553807,35,SP,São Paulo,Sudeste
3752,3518503,35,SP,São Paulo,Sudeste
3753,3522307,35,SP,São Paulo,Sudeste
3754,3502200,35,SP,São Paulo,Sudeste
3755,3509452,35,SP,São Paulo,Sudeste
3756,3500758,35,SP,São Paulo,Sudeste
3757,3511508,35,SP,São Paulo,Sudeste
3758,3507001,35,SP,São Paulo,Sudeste
3759,3511607,35,SP,São Paulo,Sudeste
3760,3537503,35,SP,São Paulo,Sudeste
3761,3540507,35,SP,São Paulo,Sudeste
3762,3554003,35,SP,São Paulo,Sudeste
3763,3554656,35,SP,São Paulo,Sudeste
3764,3541653,35,SP,São Paulo,Sudeste
3765,3526407,35,SP,São Paulo,Sudeste
3766,3510203,35,SP,São Paulo,Sudeste
3767,3543253,35,SP,São Paulo,Sudeste
3768,3522158,35,SP,São Paulo,Sudeste
3769,3543006,35,SP,São Paulo,Sudeste
3770,3505351,35,SP,São Paulo,Sudeste
3771,3542800,35,SP,São Paulo,Sudeste
3772,3517604,35,SP,São Paulo,Sudeste
3773,3502705,35,SP,São Paulo,Sudeste
3774,3522653,35,SP,São Paulo,Sudeste
3775,3521200,35,SP,São Paulo,Sudeste
3776,3537800,35,SP,São Paulo,Sudeste
3777,3553500,35,SP,São Paulo,Sudeste
3778,3519709,35,SP,São Paulo,Sudeste
3779,3537909,35,SP,São Paulo,Sudeste
3780,3550209,35,SP,São Paulo,Sudeste
3781,3510302,35,SP,São Paulo,Sudeste
3782,3551108,35,SP,São Paulo,Sudeste
3783,3521002,35,SP,São Paulo,Sudeste
3784,3502903,35,SP,São Paulo,Sudeste
3785,3501152,35,SP,São Paulo,Sudeste
3786,3550605,35,SP,São Paulo,Sudeste
3787,3545209,35,SP,São Paulo,Sudeste
3788,3545308,35,SP,São Paulo,Sudeste
3789,3528403,35,SP,São Paulo,Sudeste
3790,3557006,35,SP,São Paulo,Sudeste
3791,3540606,35,SP,São Paulo,Sudeste
3792,3502754,35,SP,São Paulo,Sudeste
3793,3523909,35,SP,São Paulo,Sudeste
3794,3552205,35,SP,São Paulo,Sudeste
3795,3508405,35,SP,São Paulo,Sudeste
3796,3525904,35,SP,São Paulo,Sudeste
3797,3524006,35,SP,São Paulo,Sudeste
3798,3556503,35,SP,São Paulo,Sudeste
3799,3527306,35,SP,São Paulo,Sudeste
3800,3509601,35,SP,São Paulo,Sudeste
3801,3523404,35,SP,São Paulo,Sudeste
3802,3532009,35,SP,São Paulo,Sudeste
3803,3525201,35,SP,São Paulo,Sudeste
3804,3538600,35,SP,São Paulo,Sudeste
3805,3556354,35,SP,São Paulo,Sudeste
3806,3525508,35,SP,São Paulo,Sudeste
3807,3554953,35,SP,São Paulo,Sudeste
3808,3507100,35,SP,São Paulo,Sudeste
3809,3504107,35,SP,São Paulo,Sudeste
3810,3532405,35,SP,São Paulo,Sudeste
3811,3507605,35,SP,São Paulo,Sudeste
3812,3531704,35,SP,São Paulo,Sudeste
3813,3548609,35,SP,São Paulo,Sudeste
3814,3509700,35,SP,São Paulo,Sudeste
3815,3548203,35,SP,São Paulo,Sudeste
3816,3546009,35,SP,São Paulo,Sudeste
3817,3508504,35,SP,São Paulo,Sudeste
3818,3549904,35,SP,São Paulo,Sudeste
3819,3524402,35,SP,São Paulo,Sudeste
3820,3520202,35,SP,São Paulo,Sudeste
3821,3554805,35,SP,São Paulo,Sudeste
3822,3554102,35,SP,São Paulo,Sudeste
3823,3538006,35,SP,São Paulo,Sudeste
3824,3502507,35,SP,São Paulo,Sudeste
3825,3509957,35,SP,São Paulo,Sudeste
3826,3544301,35,SP,São Paulo,Sudeste
3827,3527207,35,SP,São Paulo,Sudeste
3828,3540754,35,SP,São Paulo,Sudeste
3829,3518404,35,SP,São Paulo,Sudeste
3830,3538501,35,SP,São Paulo,Sudeste
3831,3541901,35,SP,São Paulo,Sudeste
3832,3508603,35,SP,São Paulo,Sudeste
3833,3526605,35,SP,São Paulo,Sudeste
3834,3513405,35,SP,São Paulo,Sudeste
3835,3549607,35,SP,São Paulo,Sudeste
3836,3552007,35,SP,São Paulo,Sudeste
3837,3503505,35,SP,São Paulo,Sudeste
3838,3504909,35,SP,São Paulo,Sudeste
3839,3503158,35,SP,São Paulo,Sudeste
3840,3535606,35,SP,São Paulo,Sudeste
3841,3524907,35,SP,São Paulo,Sudeste
3842,3542305,35,SP,São Paulo,Sudeste
3843,3550001,35,SP,São Paulo,Sudeste
3844,3526308,35,SP,São Paulo,Sudeste
3845,3532306,35,SP,São Paulo,Sudeste
3846,3513603,35,SP,São Paulo,Sudeste
3847,3550704,35,SP,São Paulo,Sudeste
3848,3555406,35,SP,São Paulo,Sudeste
3849,3520400,35,SP,São Paulo,Sudeste
3850,3510500,35,SP,São Paulo,Sudeste
3851,3520301,35,SP,São Paulo,Sudeste
3852,3526100,35,SP,São Paulo,Sudeste
3853,3551801,35,SP,São Paulo,Sudeste
3854,3536208,35,SP,São Paulo,Sudeste
3855,3520426,35,SP,São Paulo,Sudeste
3856,3514809,35,SP,São Paulo,Sudeste
3857,3529906,35,SP,São Paulo,Sudeste
3858,3509908,35,SP,São Paulo,Sudeste
3859,3509254,35,SP,São Paulo,Sudeste
3860,3524600,35,SP,São Paulo,Sudeste
3861,3505401,35,SP,São Paulo,Sudeste
3862,3542602,35,SP,São Paulo,Sudeste
3863,3537602,35,SP,São Paulo,Sudeste
3864,3531100,35,SP,São Paulo,Sudeste
3865,3537206,35,SP,São Paulo,Sudeste
3866,3523305,35,SP,São Paulo,Sudeste
3867,3522109,35,SP,São Paulo,Sudeste
3868,3505708,35,SP,São Paulo,Sudeste
3869,3525003,35,SP,São Paulo,Sudeste
3870,3522505,35,SP,São Paulo,Sudeste
3871,3510609,35,SP,São Paulo,Sudeste
3872,3509205,35,SP,São Paulo,Sudeste
3873,3534401,35,SP,São Paulo,Sudeste
3874,3547304,35,SP,São Paulo,Sudeste
3875,3539103,35,SP,São Paulo,Sudeste
3876,3528502,35,SP,São Paulo,Sudeste
3877,3516309,35,SP,São Paulo,Sudeste
3878,3509007,35,SP,São Paulo,Sudeste
3879,3516408,35,SP,São Paulo,Sudeste
3880,3518800,35,SP,São Paulo,Sudeste
3881,3546801,35,SP,São Paulo,Sudeste
3882,3503901,35,SP,São Paulo,Sudeste
3883,3515103,35,SP,São Paulo,Sudeste
3884,3526209,35,SP,São Paulo,Sudeste
3885,3549953,35,SP,São Paulo,Sudeste
3886,3552809,35,SP,São Paulo,Sudeste
3887,3513009,35,SP,São Paulo,Sudeste
3888,3556453,35,SP,São Paulo,Sudeste
3889,3522208,35,SP,São Paulo,Sudeste
3890,3515004,35,SP,São Paulo,Sudeste
3891,3544103,35,SP,São Paulo,Sudeste
3892,3548708,35,SP,São Paulo,Sudeste
3893,3548807,35,SP,São Paulo,Sudeste
3894,3529401,35,SP,São Paulo,Sudeste
3895,3513801,35,SP,São Paulo,Sudeste
3896,3550308,35,SP,São Paulo,Sudeste
3897,3543303,35,SP,São Paulo,Sudeste
3898,3547809,35,SP,São Paulo,Sudeste
3899,3518305,35,SP,São Paulo,Sudeste
3900,3515707,35,SP,São Paulo,Sudeste
3901,3530607,35,SP,São Paulo,Sudeste
3902,3539806,35,SP,São Paulo,Sudeste
3903,3506607,35,SP,São Paulo,Sudeste
3904,3552502,35,SP,São Paulo,Sudeste
3905,3545001,35,SP,São Paulo,Sudeste
3906,3523107,35,SP,São Paulo,Sudeste
3907,3506359,35,SP,São Paulo,Sudeste
3908,3513504,35,SP,São Paulo,Sudeste
3909,3541000,35,SP,São Paulo,Sudeste
3910,3548500,35,SP,São Paulo,Sudeste
3911,3518701,35,SP,São Paulo,Sudeste
3912,3551009,35,SP,São Paulo,Sudeste
3913,4115903,41,PR,Paraná,Sul
3914,4108908,41,PR,Paraná,Sul
3915,4107108,41,PR,Paraná,Sul
3916,4124905,41,PR,Paraná,Sul
3917,4115002,41,PR,Paraná,Sul
3918,4124202,41,PR,Paraná,Sul
3919,4111308,41,PR,Paraná,Sul
3920,4100608,41,PR,Paraná,Sul
3921,4116505,41,PR,Paraná,Sul
3922,4118006,41,PR,Paraná,Sul
3923,4117107,41,PR,Paraná,Sul
3924,4126702,41,PR,Paraná,Sul
3925,4119707,41,PR,Paraná,Sul
3926,4124608,41,PR,Paraná,Sul
3927,4127304,41,PR,Paraná,Sul
3928,4100905,41,PR,Paraná,Sul
3929,4118402,41,PR,Paraná,Sul
3930,4118105,41,PR,Paraná,Sul
3931,4106704,41,PR,Paraná,Sul
3932,4110300,41,PR,Paraná,Sul
3933,4118303,41,PR,Paraná,Sul
3934,4112603,41,PR,Paraná,Sul
3935,4123956,41,PR,Paraná,Sul
3936,4123303,41,PR,Paraná,Sul
3937,4125902,41,PR,Paraná,Sul
3938,4121000,41,PR,Paraná,Sul
3939,4113502,41,PR,Paraná,Sul
3940,4123709,41,PR,Paraná,Sul
3941,4120200,41,PR,Paraná,Sul
3942,4114708,41,PR,Paraná,Sul
3943,4108320,41,PR,Paraná,Sul
3944,4107256,41,PR,Paraná,Sul
3945,4100707,41,PR,Paraná,Sul
3946,4128104,41,PR,Paraná,Sul
3947,4117206,41,PR,Paraná,Sul
3948,4106605,41,PR,Paraná,Sul
3949,4107520,41,PR,Paraná,Sul
3950,4128625,41,PR,Paraná,Sul
3951,4115101,41,PR,Paraná,Sul
3952,4111555,41,PR,Paraná,Sul
3953,4118857,41,PR,Paraná,Sul
3954,4103370,41,PR,Paraná,Sul
3955,4118907,41,PR,Paraná,Sul
3956,4109906,41,PR,Paraná,Sul
3957,4100509,41,PR,Paraná,Sul
3958,4128807,41,PR,Paraná,Sul
3959,4126900,41,PR,Paraná,Sul
3960,4110607,41,PR,Paraná,Sul
3961,4125357,41,PR,Paraná,Sul
3962,4103479,41,PR,Paraná,Sul
3963,4105607,41,PR,Paraná,Sul
3964,4122602,41,PR,Paraná,Sul
3965,4127908,41,PR,Paraná,Sul
3966,4112405,41,PR,Paraná,Sul
3967,4113007,41,PR,Paraná,Sul
3968,4105508,41,PR,Paraná,Sul
3969,4125555,41,PR,Paraná,Sul
3970,4109104,41,PR,Paraná,Sul
3971,4126108,41,PR,Paraná,Sul
3972,4126801,41,PR,Paraná,Sul
3973,4110409,41,PR,Paraná,Sul
3974,4121356,41,PR,Paraná,Sul
3975,4116802,41,PR,Paraná,Sul
3976,4120655,41,PR,Paraná,Sul
3977,4112207,41,PR,Paraná,Sul
3978,4112959,41,PR,Paraná,Sul
3979,4103909,41,PR,Paraná,Sul
3980,4116109,41,PR,Paraná,Sul
3981,4100459,41,PR,Paraná,Sul
3982,4103008,41,PR,Paraná,Sul
3983,4128005,41,PR,Paraná,Sul
3984,4108601,41,PR,Paraná,Sul
3985,4107702,41,PR,Paraná,Sul
3986,4113734,41,PR,Paraná,Sul
3987,4122503,41,PR,Paraná,Sul
3988,4107553,41,PR,Paraná,Sul
3989,4114005,41,PR,Paraná,Sul
3990,4104303,41,PR,Paraná,Sul
3991,4101705,41,PR,Paraná,Sul
3992,4102505,41,PR,Paraná,Sul
3993,4106555,41,PR,Paraná,Sul
3994,4107504,41,PR,Paraná,Sul
3995,4118808,41,PR,Paraná,Sul
3996,4121109,41,PR,Paraná,Sul
3997,4110805,41,PR,Paraná,Sul
3998,4127205,41,PR,Paraná,Sul
3999,4128302,41,PR,Paraná,Sul
4000,4108106,41,PR,Paraná,Sul
4001,4102109,41,PR,Paraná,Sul
4002,4123402,41,PR,Paraná,Sul
4003,4116901,41,PR,Paraná,Sul
4004,4116307,41,PR,Paraná,Sul
4005,4101150,41,PR,Paraná,Sul
4006,4110003,41,PR,Paraná,Sul
4007,4120408,41,PR,Paraná,Sul
4008,4102208,41,PR,Paraná,Sul
4009,4114104,41,PR,Paraná,Sul
4010,4105904,41,PR,Paraná,Sul
4011,4123600,41,PR,Paraná,Sul
4012,4110904,41,PR,Paraná,Sul
4013,4116406,41,PR,Paraná,Sul
4014,4124509,41,PR,Paraná,Sul
4015,4113601,41,PR,Paraná,Sul
4016,4103404,41,PR,Paraná,Sul
4017,4111902,41,PR,Paraná,Sul
4018,4113809,41,PR,Paraná,Sul
4019,4109203,41,PR,Paraná,Sul
4020,4105102,41,PR,Paraná,Sul
4021,4120507,41,PR,Paraná,Sul
4022,4102802,41,PR,Paraná,Sul
4023,4100806,41,PR,Paraná,Sul
4024,4126504,41,PR,Paraná,Sul
4025,4116000,41,PR,Paraná,Sul
4026,4120333,41,PR,Paraná,Sul
4027,4108007,41,PR,Paraná,Sul
4028,4120002,41,PR,Paraná,Sul
4029,4125308,41,PR,Paraná,Sul
4030,4117404,41,PR,Paraná,Sul
4031,4107900,41,PR,Paraná,Sul
4032,4107306,41,PR,Paraná,Sul
4033,4107801,41,PR,Paraná,Sul
4034,4111100,41,PR,Paraná,Sul
4035,4111605,41,PR,Paraná,Sul
4036,4117503,41,PR,Paraná,Sul
4037,4115200,41,PR,Paraná,Sul
4038,4114203,41,PR,Paraná,Sul
4039,4126256,41,PR,Paraná,Sul
4040,4114807,41,PR,Paraná,Sul
4041,4122701,41,PR,Paraná,Sul
4042,4101507,41,PR,Paraná,Sul
4043,4114906,41,PR,Paraná,Sul
4044,4112108,41,PR,Paraná,Sul
4045,4103800,41,PR,Paraná,Sul
4046,4101408,41,PR,Paraná,Sul
4047,4103503,41,PR,Paraná,Sul
4048,4117297,41,PR,Paraná,Sul
4049,4115754,41,PR,Paraná,Sul
4050,4113700,41,PR,Paraná,Sul
4051,4122404,41,PR,Paraná,Sul
4052,4126678,41,PR,Paraná,Sul
4053,4109807,41,PR,Paraná,Sul
4054,4119657,41,PR,Paraná,Sul
4055,4103701,41,PR,Paraná,Sul
4056,4115507,41,PR,Paraná,Sul
4057,4122107,41,PR,Paraná,Sul
4058,4103305,41,PR,Paraná,Sul
4059,4103206,41,PR,Paraná,Sul
4060,4113106,41,PR,Paraná,Sul
4061,4107603,41,PR,Paraná,Sul
4062,4106852,41,PR,Paraná,Sul
4063,4117271,41,PR,Paraná,Sul
4064,4125803,41,PR,Paraná,Sul
4065,4101853,41,PR,Paraná,Sul
4066,4101655,41,PR,Paraná,Sul
4067,4113759,41,PR,Paraná,Sul
4068,4113429,41,PR,Paraná,Sul
4069,4114500,41,PR,Paraná,Sul
4070,4108551,41,PR,Paraná,Sul
4071,4122172,41,PR,Paraná,Sul
4072,4108700,41,PR,Paraná,Sul
4073,4111506,41,PR,Paraná,Sul
4074,4125001,41,PR,Paraná,Sul
4075,4122651,41,PR,Paraná,Sul
4076,4104402,41,PR,Paraná,Sul
4077,4112504,41,PR,Paraná,Sul
4078,4112702,41,PR,Paraná,Sul
4079,4101903,41,PR,Paraná,Sul
4080,4128401,41,PR,Paraná,Sul
4081,4123204,41,PR,Paraná,Sul
4082,4121307,41,PR,Paraná,Sul
4083,4124707,41,PR,Paraná,Sul
4084,4126009,41,PR,Paraná,Sul
4085,4117214,41,PR,Paraná,Sul
4086,4101101,41,PR,Paraná,Sul
4087,4121901,41,PR,Paraná,Sul
4088,4100103,41,PR,Paraná,Sul
4089,4106407,41,PR,Paraná,Sul
4090,4106001,41,PR,Paraná,Sul
4091,4126405,41,PR,Paraná,Sul
4092,4111001,41,PR,Paraná,Sul
4093,4123105,41,PR,Paraná,Sul
4094,4117008,41,PR,Paraná,Sul
4095,4113403,41,PR,Paraná,Sul
4096,4102406,41,PR,Paraná,Sul
4097,4124301,41,PR,Paraná,Sul
4098,4116604,41,PR,Paraná,Sul
4099,4123907,41,PR,Paraná,Sul
4100,4121802,41,PR,Paraná,Sul
4101,4102703,41,PR,Paraná,Sul
4102,4112900,41,PR,Paraná,Sul
4103,4124103,41,PR,Paraná,Sul
4104,4111803,41,PR,Paraná,Sul
4105,4103602,41,PR,Paraná,Sul
4106,4126207,41,PR,Paraná,Sul
4107,4119202,41,PR,Paraná,Sul
4108,4112306,41,PR,Paraná,Sul
4109,4106100,41,PR,Paraná,Sul
4110,4111704,41,PR,Paraná,Sul
4111,4109708,41,PR,Paraná,Sul
4112,4107751,41,PR,Paraná,Sul
4113,4107009,41,PR,Paraná,Sul
4114,4122909,41,PR,Paraná,Sul
4115,4104709,41,PR,Paraná,Sul
4116,4127809,41,PR,Paraná,Sul
4117,4125407,41,PR,Paraná,Sul
4118,4128500,41,PR,Paraná,Sul
4119,4126603,41,PR,Paraná,Sul
4120,4109005,41,PR,Paraná,Sul
4121,4124004,41,PR,Paraná,Sul
4122,4120705,41,PR,Paraná,Sul
4123,4112801,41,PR,Paraná,Sul
4124,4128534,41,PR,Paraná,Sul
4125,4121703,41,PR,Paraná,Sul
4126,4127502,41,PR,Paraná,Sul
4127,4117305,41,PR,Paraná,Sul
4128,4110078,41,PR,Paraná,Sul
4129,4127106,41,PR,Paraná,Sul
4130,4101606,41,PR,Paraná,Sul
4131,4126306,41,PR,Paraná,Sul
4132,4119400,41,PR,Paraná,Sul
4133,4112009,41,PR,Paraná,Sul
4134,4119905,41,PR,Paraná,Sul
4135,4104659,41,PR,Paraná,Sul
4136,4104907,41,PR,Paraná,Sul
4137,4117701,41,PR,Paraná,Sul
4138,4107157,41,PR,Paraná,Sul
4139,4123501,41,PR,Paraná,Sul
4140,4117909,41,PR,Paraná,Sul
4141,4115358,41,PR,Paraná,Sul
4142,4127700,41,PR,Paraná,Sul
4143,4108809,41,PR,Paraná,Sul
4144,4110656,41,PR,Paraná,Sul
4145,4127957,41,PR,Paraná,Sul
4146,4125753,41,PR,Paraná,Sul
4147,4117453,41,PR,Paraná,Sul
4148,4102000,41,PR,Paraná,Sul
4149,4108205,41,PR,Paraná,Sul
4150,4112751,41,PR,Paraná,Sul
4151,4127403,41,PR,Paraná,Sul
4152,4125456,41,PR,Paraná,Sul
4153,4117222,41,PR,Paraná,Sul
4154,4120853,41,PR,Paraná,Sul
4155,4107538,41,PR,Paraná,Sul
4156,4114609,41,PR,Paraná,Sul
4157,4115853,41,PR,Paraná,Sul
4158,4118451,41,PR,Paraná,Sul
4159,4109757,41,PR,Paraná,Sul
4160,4104055,41,PR,Paraná,Sul
4161,4104600,41,PR,Paraná,Sul
4162,4103057,41,PR,Paraná,Sul
4163,4103453,41,PR,Paraná,Sul
4164,4123824,41,PR,Paraná,Sul
4165,4103354,41,PR,Paraná,Sul
4166,4113452,41,PR,Paraná,Sul
4167,4104808,41,PR,Paraná,Sul
4168,4107124,41,PR,Paraná,Sul
4169,4127858,41,PR,Paraná,Sul
4170,4124020,41,PR,Paraná,Sul
4171,4106308,41,PR,Paraná,Sul
4172,4116703,41,PR,Paraná,Sul
4173,4101051,41,PR,Paraná,Sul
4174,4109302,41,PR,Paraná,Sul
4175,4105003,41,PR,Paraná,Sul
4176,4110052,41,PR,Paraná,Sul
4177,4121257,41,PR,Paraná,Sul
4178,4105300,41,PR,Paraná,Sul
4179,4128559,41,PR,Paraná,Sul
4180,4115606,41,PR,Paraná,Sul
4181,4126355,41,PR,Paraná,Sul
4182,4108304,41,PR,Paraná,Sul
4183,4116059,41,PR,Paraná,Sul
4184,4125704,41,PR,Paraná,Sul
4185,4115804,41,PR,Paraná,Sul
4186,4110953,41,PR,Paraná,Sul
4187,4124053,41,PR,Paraná,Sul
4188,4102752,41,PR,Paraná,Sul
4189,4120358,41,PR,Paraná,Sul
4190,4104501,41,PR,Paraná,Sul
4191,4101002,41,PR,Paraná,Sul
4192,4119004,41,PR,Paraná,Sul
4193,4123808,41,PR,Paraná,Sul
4194,4121406,41,PR,Paraná,Sul
4195,4119806,41,PR,Paraná,Sul
4196,4108403,41,PR,Paraná,Sul
4197,4107850,41,PR,Paraná,Sul
4198,4115408,41,PR,Paraná,Sul
4199,4121604,41,PR,Paraná,Sul
4200,4102604,41,PR,Paraná,Sul
4201,4119251,41,PR,Paraná,Sul
4202,4124400,41,PR,Paraná,Sul
4203,4116950,41,PR,Paraná,Sul
4204,4107405,41,PR,Paraná,Sul
4205,4114351,41,PR,Paraná,Sul
4206,4103156,41,PR,Paraná,Sul
4207,4128609,41,PR,Paraná,Sul
4208,4122800,41,PR,Paraná,Sul
4209,4107207,41,PR,Paraná,Sul
4210,4123006,41,PR,Paraná,Sul
4211,4117255,41,PR,Paraná,Sul
4212,4106571,41,PR,Paraná,Sul
4213,4125209,41,PR,Paraná,Sul
4214,4103024,41,PR,Paraná,Sul
4215,4118501,41,PR,Paraná,Sul
4216,4111209,41,PR,Paraná,Sul
4217,4103222,41,PR,Paraná,Sul
4218,4124806,41,PR,Paraná,Sul
4219,4115309,41,PR,Paraná,Sul
4220,4126272,41,PR,Paraná,Sul
4221,4128708,41,PR,Paraná,Sul
4222,4106506,41,PR,Paraná,Sul
4223,4105409,41,PR,Paraná,Sul
4224,4126652,41,PR,Paraná,Sul
4225,4119608,41,PR,Paraná,Sul
4226,4103040,41,PR,Paraná,Sul
4227,4113254,41,PR,Paraná,Sul
4228,4123857,41,PR,Paraná,Sul
4229,4117800,41,PR,Paraná,Sul
4230,4115739,41,PR,Paraná,Sul
4231,4121752,41,PR,Paraná,Sul
4232,4108650,41,PR,Paraná,Sul
4233,4104428,41,PR,Paraná,Sul
4234,4103958,41,PR,Paraná,Sul
4235,4119301,41,PR,Paraná,Sul
4236,4110201,41,PR,Paraná,Sul
4237,4127965,41,PR,Paraná,Sul
4238,4108452,41,PR,Paraná,Sul
4239,4109401,41,PR,Paraná,Sul
4240,4104451,41,PR,Paraná,Sul
4241,4107546,41,PR,Paraná,Sul
4242,4120150,41,PR,Paraná,Sul
4243,4113304,41,PR,Paraná,Sul
4244,4128658,41,PR,Paraná,Sul
4245,4122156,41,PR,Paraná,Sul
4246,4120903,41,PR,Paraná,Sul
4247,4117057,41,PR,Paraná,Sul
4248,4115457,41,PR,Paraná,Sul
4249,4109658,41,PR,Paraná,Sul
4250,4114401,41,PR,Paraná,Sul
4251,4105706,41,PR,Paraná,Sul
4252,4117602,41,PR,Paraná,Sul
4253,4106456,41,PR,Paraná,Sul
4254,4120606,41,PR,Paraná,Sul
4255,4108957,41,PR,Paraná,Sul
4256,4111407,41,PR,Paraná,Sul
4257,4110508,41,PR,Paraná,Sul
4258,4107736,41,PR,Paraná,Sul
4259,4127007,41,PR,Paraná,Sul
4260,4110102,41,PR,Paraná,Sul
4261,4113908,41,PR,Paraná,Sul
4262,4122008,41,PR,Paraná,Sul
4263,4110706,41,PR,Paraná,Sul
4264,4121505,41,PR,Paraná,Sul
4265,4102901,41,PR,Paraná,Sul
4266,4118709,41,PR,Paraná,Sul
4267,4128203,41,PR,Paraná,Sul
4268,4120309,41,PR,Paraná,Sul
4269,4118600,41,PR,Paraná,Sul
4270,4108502,41,PR,Paraná,Sul
4271,4106803,41,PR,Paraná,Sul
4272,4101309,41,PR,Paraná,Sul
4273,4125605,41,PR,Paraná,Sul
4274,4125100,41,PR,Paraná,Sul
4275,4128633,41,PR,Paraná,Sul
4276,4100202,41,PR,Paraná,Sul
4277,4105201,41,PR,Paraná,Sul
4278,4113205,41,PR,Paraná,Sul
4279,4120101,41,PR,Paraná,Sul
4280,4127882,41,PR,Paraná,Sul
4281,4114302,41,PR,Paraná,Sul
4282,4120804,41,PR,Paraná,Sul
4283,4107652,41,PR,Paraná,Sul
4284,4104253,41,PR,Paraná,Sul
4285,4106902,41,PR,Paraná,Sul
4286,4103107,41,PR,Paraná,Sul
4287,4104204,41,PR,Paraná,Sul
4288,4100400,41,PR,Paraná,Sul
4289,4111258,41,PR,Paraná,Sul
4290,4122206,41,PR,Paraná,Sul
4291,4119152,41,PR,Paraná,Sul
4292,4105805,41,PR,Paraná,Sul
4293,4102307,41,PR,Paraná,Sul
4294,4106209,41,PR,Paraná,Sul
4295,4119509,41,PR,Paraná,Sul
4296,4125506,41,PR,Paraná,Sul
4297,4104006,41,PR,Paraná,Sul
4298,4101804,41,PR,Paraná,Sul
4299,4101200,41,PR,Paraná,Sul
4300,4116208,41,PR,Paraná,Sul
4301,4109500,41,PR,Paraná,Sul
4302,4118204,41,PR,Paraná,Sul
4303,4115705,41,PR,Paraná,Sul
4304,4119954,41,PR,Paraná,Sul
4305,4109609,41,PR,Paraná,Sul
4306,4100301,41,PR,Paraná,Sul
4307,4119103,41,PR,Paraná,Sul
4308,4122305,41,PR,Paraná,Sul
4309,4104105,41,PR,Paraná,Sul
4310,4121208,41,PR,Paraná,Sul
4311,4127601,41,PR,Paraná,Sul
4312,4215075,42,SC,Santa Catarina,Sul
4313,4211009,42,SC,Santa Catarina,Sul
4314,4202099,42,SC,Santa Catarina,Sul
4315,4208401,42,SC,Santa Catarina,Sul
4316,4217204,42,SC,Santa Catarina,Sul
4317,4200804,42,SC,Santa Catarina,Sul
4318,4215208,42,SC,Santa Catarina,Sul
4319,4202081,42,SC,Santa Catarina,Sul
4320,4204905,42,SC,Santa Catarina,Sul
4321,4215554,42,SC,Santa Catarina,Sul
4322,4212007,42,SC,Santa Catarina,Sul
4323,4214151,42,SC,Santa Catarina,Sul
4324,4206405,42,SC,Santa Catarina,Sul
4325,4216701,42,SC,Santa Catarina,Sul
4326,4218756,42,SC,Santa Catarina,Sul
4327,4216255,42,SC,Santa Catarina,Sul
4328,4202156,42,SC,Santa Catarina,Sul
4329,4212239,42,SC,Santa Catarina,Sul
4330,4207650,42,SC,Santa Catarina,Sul
4331,4205001,42,SC,Santa Catarina,Sul
4332,4206603,42,SC,Santa Catarina,Sul
4333,4204756,42,SC,Santa Catarina,Sul
4334,4204103,42,SC,Santa Catarina,Sul
4335,4203105,42,SC,Santa Catarina,Sul
4336,4217303,42,SC,Santa Catarina,Sul
4337,4207858,42,SC,Santa Catarina,Sul
4338,4206652,42,SC,Santa Catarina,Sul
4339,4216008,42,SC,Santa Catarina,Sul
4340,4212106,42,SC,Santa Catarina,Sul
4341,4212908,42,SC,Santa Catarina,Sul
4342,4217550,42,SC,Santa Catarina,Sul
4343,4215695,42,SC,Santa Catarina,Sul
4344,4218855,42,SC,Santa Catarina,Sul
4345,4214201,42,SC,Santa Catarina,Sul
4346,4204350,42,SC,Santa Catarina,Sul
4347,4213153,42,SC,Santa Catarina,Sul
4348,4204400,42,SC,Santa Catarina,Sul
4349,4210902,42,SC,Santa Catarina,Sul
4350,4204202,42,SC,Santa Catarina,Sul
4351,4205431,42,SC,Santa Catarina,Sul
4352,4211454,42,SC,Santa Catarina,Sul
4353,4211405,42,SC,Santa Catarina,Sul
4354,4208955,42,SC,Santa Catarina,Sul
4355,4200507,42,SC,Santa Catarina,Sul
4356,4217758,42,SC,Santa Catarina,Sul
4357,4200556,42,SC,Santa Catarina,Sul
4358,4205357,42,SC,Santa Catarina,Sul
4359,4217956,42,SC,Santa Catarina,Sul
4360,4215356,42,SC,Santa Catarina,Sul
4361,4215687,42,SC,Santa Catarina,Sul
4362,4204707,42,SC,Santa Catarina,Sul
4363,4207759,42,SC,Santa Catarina,Sul
4364,4217154,42,SC,Santa Catarina,Sul
4365,4202578,42,SC,Santa Catarina,Sul
4366,4210506,42,SC,Santa Catarina,Sul
4367,4203501,42,SC,Santa Catarina,Sul
4368,4216909,42,SC,Santa Catarina,Sul
4369,4215752,42,SC,Santa Catarina,Sul
4370,4211652,42,SC,Santa Catarina,Sul
4371,4210555,42,SC,Santa Catarina,Sul
4372,4209458,42,SC,Santa Catarina,Sul
4373,4219705,42,SC,Santa Catarina,Sul
4374,4205308,42,SC,Santa Catarina,Sul
4375,4212270,42,SC,Santa Catarina,Sul
4376,4200101,42,SC,Santa Catarina,Sul
4377,4202537,42,SC,Santa Catarina,Sul
4378,4211850,42,SC,Santa Catarina,Sul
4379,4216107,42,SC,Santa Catarina,Sul
4380,4219507,42,SC,Santa Catarina,Sul
4381,4204459,42,SC,Santa Catarina,Sul
4382,4219101,42,SC,Santa Catarina,Sul
4383,4207684,42,SC,Santa Catarina,Sul
4384,4213401,42,SC,Santa Catarina,Sul
4385,4205175,42,SC,Santa Catarina,Sul
4386,4205605,42,SC,Santa Catarina,Sul
4387,4209177,42,SC,Santa Catarina,Sul
4388,4203907,42,SC,Santa Catarina,Sul
4389,4211801,42,SC,Santa Catarina,Sul
4390,4209003,42,SC,Santa Catarina,Sul
4391,4219176,42,SC,Santa Catarina,Sul
4392,4200408,42,SC,Santa Catarina,Sul
4393,4209201,42,SC,Santa Catarina,Sul
4394,4205209,42,SC,Santa Catarina,Sul
4395,4210035,42,SC,Santa Catarina,Sul
4396,4206801,42,SC,Santa Catarina,Sul
4397,4218509,42,SC,Santa Catarina,Sul
4398,4208609,42,SC,Santa Catarina,Sul
4399,4204004,42,SC,Santa Catarina,Sul
4400,4206702,42,SC,Santa Catarina,Sul
4401,4203154,42,SC,Santa Catarina,Sul
4402,4210050,42,SC,Santa Catarina,Sul
4403,4209706,42,SC,Santa Catarina,Sul
4404,4210704,42,SC,Santa Catarina,Sul
4405,4203006,42,SC,Santa Catarina,Sul
4406,4207577,42,SC,Santa Catarina,Sul
4407,4214409,42,SC,Santa Catarina,Sul
4408,4213005,42,SC,Santa Catarina,Sul
4409,4201604,42,SC,Santa Catarina,Sul
4410,4219309,42,SC,Santa Catarina,Sul
4411,4205506,42,SC,Santa Catarina,Sul
4412,4215406,42,SC,Santa Catarina,Sul
4413,4217907,42,SC,Santa Catarina,Sul
4414,4206751,42,SC,Santa Catarina,Sul
4415,4201653,42,SC,Santa Catarina,Sul
4416,4211876,42,SC,Santa Catarina,Sul
4417,4200754,42,SC,Santa Catarina,Sul
4418,4207809,42,SC,Santa Catarina,Sul
4419,4213104,42,SC,Santa Catarina,Sul
4420,4208005,42,SC,Santa Catarina,Sul
4421,4213906,42,SC,Santa Catarina,Sul
4422,4217501,42,SC,Santa Catarina,Sul
4423,4204301,42,SC,Santa Catarina,Sul
4424,4201273,42,SC,Santa Catarina,Sul
4425,4207601,42,SC,Santa Catarina,Sul
4426,4209854,42,SC,Santa Catarina,Sul
4427,4207700,42,SC,Santa Catarina,Sul
4428,4212601,42,SC,Santa Catarina,Sul
4429,4219606,42,SC,Santa Catarina,Sul
4430,4218251,42,SC,Santa Catarina,Sul
4431,4208104,42,SC,Santa Catarina,Sul
4432,4210100,42,SC,Santa Catarina,Sul
4433,4207908,42,SC,Santa Catarina,Sul
4434,4203808,42,SC,Santa Catarina,Sul
4435,4211108,42,SC,Santa Catarina,Sul
4436,4202131,42,SC,Santa Catarina,Sul
4437,4213609,42,SC,Santa Catarina,Sul
4438,4218301,42,SC,Santa Catarina,Sul
4439,4210308,42,SC,Santa Catarina,Sul
4440,4212205,42,SC,Santa Catarina,Sul
4441,4215679,42,SC,Santa Catarina,Sul
4442,4215802,42,SC,Santa Catarina,Sul
4443,4203303,42,SC,Santa Catarina,Sul
4444,4215000,42,SC,Santa Catarina,Sul
4445,4208906,42,SC,Santa Catarina,Sul
4446,4217402,42,SC,Santa Catarina,Sul
4447,4216206,42,SC,Santa Catarina,Sul
4448,4209102,42,SC,Santa Catarina,Sul
4449,4201307,42,SC,Santa Catarina,Sul
4450,4206504,42,SC,Santa Catarina,Sul
4451,4210605,42,SC,Santa Catarina,Sul
4452,4208450,42,SC,Santa Catarina,Sul
4453,4204509,42,SC,Santa Catarina,Sul
4454,4202057,42,SC,Santa Catarina,Sul
4455,4205803,42,SC,Santa Catarina,Sul
4456,4213302,42,SC,Santa Catarina,Sul
4457,4216057,42,SC,Santa Catarina,Sul
4458,4202875,42,SC,Santa Catarina,Sul
4459,4204806,42,SC,Santa Catarina,Sul
4460,4205555,42,SC,Santa Catarina,Sul
4461,4215505,42,SC,Santa Catarina,Sul
4462,4213351,42,SC,Santa Catarina,Sul
4463,4203600,42,SC,Santa Catarina,Sul
4464,4219150,42,SC,Santa Catarina,Sul
4465,4219853,42,SC,Santa Catarina,Sul
4466,4200051,42,SC,Santa Catarina,Sul
4467,4211058,42,SC,Santa Catarina,Sul
4468,4204558,42,SC,Santa Catarina,Sul
4469,4218905,42,SC,Santa Catarina,Sul
4470,4201000,42,SC,Santa Catarina,Sul
4471,4203402,42,SC,Santa Catarina,Sul
4472,4216800,42,SC,Santa Catarina,Sul
4473,4203253,42,SC,Santa Catarina,Sul
4474,4212056,42,SC,Santa Catarina,Sul
4475,4215059,42,SC,Santa Catarina,Sul
4476,4202503,42,SC,Santa Catarina,Sul
4477,4202602,42,SC,Santa Catarina,Sul
4478,4211751,42,SC,Santa Catarina,Sul
4479,4211892,42,SC,Santa Catarina,Sul
4480,4216503,42,SC,Santa Catarina,Sul
4481,4218954,42,SC,Santa Catarina,Sul
4482,4209300,42,SC,Santa Catarina,Sul
4483,4204178,42,SC,Santa Catarina,Sul
4484,4202438,42,SC,Santa Catarina,Sul
4485,4204152,42,SC,Santa Catarina,Sul
4486,4217808,42,SC,Santa Catarina,Sul
4487,4209508,42,SC,Santa Catarina,Sul
4488,4215307,42,SC,Santa Catarina,Sul
4489,4209904,42,SC,Santa Catarina,Sul
4490,4201901,42,SC,Santa Catarina,Sul
4491,4202859,42,SC,Santa Catarina,Sul
4492,4218608,42,SC,Santa Catarina,Sul
4493,4214102,42,SC,Santa Catarina,Sul
4494,4210852,42,SC,Santa Catarina,Sul
4495,4214607,42,SC,Santa Catarina,Sul
4496,4214805,42,SC,Santa Catarina,Sul
4497,4213708,42,SC,Santa Catarina,Sul
4498,4200309,42,SC,Santa Catarina,Sul
4499,4214508,42,SC,Santa Catarina,Sul
4500,4219408,42,SC,Santa Catarina,Sul
4501,4219358,42,SC,Santa Catarina,Sul
4502,4214003,42,SC,Santa Catarina,Sul
4503,4205100,42,SC,Santa Catarina,Sul
4504,4209151,42,SC,Santa Catarina,Sul
4505,4206900,42,SC,Santa Catarina,Sul
4506,4207502,42,SC,Santa Catarina,Sul
4507,4202404,42,SC,Santa Catarina,Sul
4508,4201703,42,SC,Santa Catarina,Sul
4509,4205159,42,SC,Santa Catarina,Sul
4510,4218202,42,SC,Santa Catarina,Sul
4511,4214706,42,SC,Santa Catarina,Sul
4512,4213203,42,SC,Santa Catarina,Sul
4513,4202206,42,SC,Santa Catarina,Sul
4514,4201257,42,SC,Santa Catarina,Sul
4515,4215109,42,SC,Santa Catarina,Sul
4516,4205902,42,SC,Santa Catarina,Sul
4517,4210001,42,SC,Santa Catarina,Sul
4518,4202701,42,SC,Santa Catarina,Sul
4519,4202909,42,SC,Santa Catarina,Sul
4520,4206306,42,SC,Santa Catarina,Sul
4521,4216354,42,SC,Santa Catarina,Sul
4522,4207106,42,SC,Santa Catarina,Sul
4523,4202453,42,SC,Santa Catarina,Sul
4524,4202107,42,SC,Santa Catarina,Sul
4525,4203204,42,SC,Santa Catarina,Sul
4526,4212502,42,SC,Santa Catarina,Sul
4527,4211306,42,SC,Santa Catarina,Sul
4528,4208302,42,SC,Santa Catarina,Sul
4529,4202008,42,SC,Santa Catarina,Sul
4530,4212809,42,SC,Santa Catarina,Sul
4531,4213500,42,SC,Santa Catarina,Sul
4532,4208203,42,SC,Santa Catarina,Sul
4533,4201802,42,SC,Santa Catarina,Sul
4534,4200200,42,SC,Santa Catarina,Sul
4535,4219200,42,SC,Santa Catarina,Sul
4536,4212700,42,SC,Santa Catarina,Sul
4537,4208500,42,SC,Santa Catarina,Sul
4538,4204194,42,SC,Santa Catarina,Sul
4539,4207403,42,SC,Santa Catarina,Sul
4540,4200903,42,SC,Santa Catarina,Sul
4541,4218004,42,SC,Santa Catarina,Sul
4542,4211504,42,SC,Santa Catarina,Sul
4543,4216305,42,SC,Santa Catarina,Sul
4544,4203709,42,SC,Santa Catarina,Sul
4545,4210209,42,SC,Santa Catarina,Sul
4546,4209805,42,SC,Santa Catarina,Sul
4547,4216602,42,SC,Santa Catarina,Sul
4548,4202305,42,SC,Santa Catarina,Sul
4549,4212304,42,SC,Santa Catarina,Sul
4550,4201208,42,SC,Santa Catarina,Sul
4551,4215703,42,SC,Santa Catarina,Sul
4552,4217253,42,SC,Santa Catarina,Sul
4553,4205407,42,SC,Santa Catarina,Sul
4554,4211900,42,SC,Santa Catarina,Sul
4555,4206009,42,SC,Santa Catarina,Sul
4556,4200606,42,SC,Santa Catarina,Sul
4557,4201109,42,SC,Santa Catarina,Sul
4558,4200705,42,SC,Santa Catarina,Sul
4559,4214300,42,SC,Santa Catarina,Sul
4560,4215901,42,SC,Santa Catarina,Sul
4561,4207304,42,SC,Santa Catarina,Sul
4562,4205704,42,SC,Santa Catarina,Sul
4563,4211702,42,SC,Santa Catarina,Sul
4564,4214904,42,SC,Santa Catarina,Sul
4565,4206108,42,SC,Santa Catarina,Sul
4566,4215604,42,SC,Santa Catarina,Sul
4567,4217105,42,SC,Santa Catarina,Sul
4568,4212403,42,SC,Santa Catarina,Sul
4569,4212650,42,SC,Santa Catarina,Sul
4570,4201505,42,SC,Santa Catarina,Sul
4571,4202800,42,SC,Santa Catarina,Sul
4572,4207205,42,SC,Santa Catarina,Sul
4573,4217006,42,SC,Santa Catarina,Sul
4574,4208807,42,SC,Santa Catarina,Sul
4575,4218400,42,SC,Santa Catarina,Sul
4576,4209409,42,SC,Santa Catarina,Sul
4577,4218707,42,SC,Santa Catarina,Sul
4578,4203956,42,SC,Santa Catarina,Sul
4579,4206207,42,SC,Santa Catarina,Sul
4580,4215455,42,SC,Santa Catarina,Sul
4581,4204608,42,SC,Santa Catarina,Sul
4582,4217600,42,SC,Santa Catarina,Sul
4583,4219002,42,SC,Santa Catarina,Sul
4584,4209607,42,SC,Santa Catarina,Sul
4585,4205456,42,SC,Santa Catarina,Sul
4586,4220000,42,SC,Santa Catarina,Sul
4587,4204251,42,SC,Santa Catarina,Sul
4588,4211207,42,SC,Santa Catarina,Sul
4589,4207007,42,SC,Santa Catarina,Sul
4590,4218350,42,SC,Santa Catarina,Sul
4591,4211603,42,SC,Santa Catarina,Sul
4592,4211256,42,SC,Santa Catarina,Sul
4593,4213807,42,SC,Santa Catarina,Sul
4594,4201950,42,SC,Santa Catarina,Sul
4595,4201406,42,SC,Santa Catarina,Sul
4596,4218103,42,SC,Santa Catarina,Sul
4597,4212254,42,SC,Santa Catarina,Sul
4598,4210407,42,SC,Santa Catarina,Sul
4599,4210803,42,SC,Santa Catarina,Sul
4600,4202073,42,SC,Santa Catarina,Sul
4601,4218806,42,SC,Santa Catarina,Sul
4602,4215653,42,SC,Santa Catarina,Sul
4603,4205191,42,SC,Santa Catarina,Sul
4604,4217709,42,SC,Santa Catarina,Sul
4605,4208708,42,SC,Santa Catarina,Sul
4606,4216404,42,SC,Santa Catarina,Sul
4607,4317202,43,RS,Rio Grande do Sul,Sul
4608,4300307,43,RS,Rio Grande do Sul,Sul
4609,4317905,43,RS,Rio Grande do Sul,Sul
4610,4322301,43,RS,Rio Grande do Sul,Sul
4611,4304309,43,RS,Rio Grande do Sul,Sul
4612,4315073,43,RS,Rio Grande do Sul,Sul
4613,4313425,43,RS,Rio Grande do Sul,Sul
4614,4315008,43,RS,Rio Grande do Sul,Sul
4615,4322103,43,RS,Rio Grande do Sul,Sul
4616,4315057,43,RS,Rio Grande do Sul,Sul
4617,4318499,43,RS,Rio Grande do Sul,Sul
4618,4321808,43,RS,Rio Grande do Sul,Sul
4619,4310405,43,RS,Rio Grande do Sul,Sul
4620,4301859,43,RS,Rio Grande do Sul,Sul
4621,4312302,43,RS,Rio Grande do Sul,Sul
4622,4307450,43,RS,Rio Grande do Sul,Sul
4623,4306320,43,RS,Rio Grande do Sul,Sul
4624,4321402,43,RS,Rio Grande do Sul,Sul
4625,4306007,43,RS,Rio Grande do Sul,Sul
4626,4319109,43,RS,Rio Grande do Sul,Sul
4627,4323705,43,RS,Rio Grande do Sul,Sul
4628,4321477,43,RS,Rio Grande do Sul,Sul
4629,4321907,43,RS,Rio Grande do Sul,Sul
4630,4304002,43,RS,Rio Grande do Sul,Sul
4631,4315404,43,RS,Rio Grande do Sul,Sul
4632,4302600,43,RS,Rio Grande do Sul,Sul
4633,4320230,43,RS,Rio Grande do Sul,Sul
4634,4302378,43,RS,Rio Grande do Sul,Sul
4635,4309704,43,RS,Rio Grande do Sul,Sul
4636,4313011,43,RS,Rio Grande do Sul,Sul
4637,4309605,43,RS,Rio Grande do Sul,Sul
4638,4302204,43,RS,Rio Grande do Sul,Sul
4639,4306734,43,RS,Rio Grande do Sul,Sul
4640,4321857,43,RS,Rio Grande do Sul,Sul
4641,4313466,43,RS,Rio Grande do Sul,Sul
4642,4305801,43,RS,Rio Grande do Sul,Sul
4643,4306924,43,RS,Rio Grande do Sul,Sul
4644,4316204,43,RS,Rio Grande do Sul,Sul
4645,4321329,43,RS,Rio Grande do Sul,Sul
4646,4307302,43,RS,Rio Grande do Sul,Sul
4647,4310504,43,RS,Rio Grande do Sul,Sul
4648,4314498,43,RS,Rio Grande do Sul,Sul
4649,4306072,43,RS,Rio Grande do Sul,Sul
4650,4313805,43,RS,Rio Grande do Sul,Sul
4651,4311601,43,RS,Rio Grande do Sul,Sul
4652,4323507,43,RS,Rio Grande do Sul,Sul
4653,4300646,43,RS,Rio Grande do Sul,Sul
4654,4308508,43,RS,Rio Grande do Sul,Sul
4655,4320206,43,RS,Rio Grande do Sul,Sul
4656,4303400,43,RS,Rio Grande do Sul,Sul
4657,4323101,43,RS,Rio Grande do Sul,Sul
4658,4313441,43,RS,Rio Grande do Sul,Sul
4659,4315909,43,RS,Rio Grande do Sul,Sul
4660,4306429,43,RS,Rio Grande do Sul,Sul
4661,4309126,43,RS,Rio Grande do Sul,Sul
4662,4315552,43,RS,Rio Grande do Sul,Sul
4663,4314704,43,RS,Rio Grande do Sul,Sul
4664,4300505,43,RS,Rio Grande do Sul,Sul
4665,4321956,43,RS,Rio Grande do Sul,Sul
4666,4312708,43,RS,Rio Grande do Sul,Sul
4667,4302055,43,RS,Rio Grande do Sul,Sul
4668,4300901,43,RS,Rio Grande do Sul,Sul
4669,4303806,43,RS,Rio Grande do Sul,Sul
4670,4301552,43,RS,Rio Grande do Sul,Sul
4671,4308052,43,RS,Rio Grande do Sul,Sul
4672,4311908,43,RS,Rio Grande do Sul,Sul
4673,4308706,43,RS,Rio Grande do Sul,Sul
4674,4310702,43,RS,Rio Grande do Sul,Sul
4675,4306957,43,RS,Rio Grande do Sul,Sul
4676,4314787,43,RS,Rio Grande do Sul,Sul
4677,4319703,43,RS,Rio Grande do Sul,Sul
4678,4306973,43,RS,Rio Grande do Sul,Sul
4679,4301701,43,RS,Rio Grande do Sul,Sul
4680,4322905,43,RS,Rio Grande do Sul,Sul
4681,4321634,43,RS,Rio Grande do Sul,Sul
4682,4307559,43,RS,Rio Grande do Sul,Sul
4683,4308904,43,RS,Rio Grande do Sul,Sul
4684,4310900,43,RS,Rio Grande do Sul,Sul
4685,4312005,43,RS,Rio Grande do Sul,Sul
4686,4314134,43,RS,Rio Grande do Sul,Sul
4687,4315313,43,RS,Rio Grande do Sul,Sul
4688,4306130,43,RS,Rio Grande do Sul,Sul
4689,4307005,43,RS,Rio Grande do Sul,Sul
4690,4305116,43,RS,Rio Grande do Sul,Sul
4691,4320602,43,RS,Rio Grande do Sul,Sul
4692,4304853,43,RS,Rio Grande do Sul,Sul
4693,4307203,43,RS,Rio Grande do Sul,Sul
4694,4301925,43,RS,Rio Grande do Sul,Sul
4695,4310462,43,RS,Rio Grande do Sul,Sul
4696,4308250,43,RS,Rio Grande do Sul,Sul
4697,4309803,43,RS,Rio Grande do Sul,Sul
4698,4316600,43,RS,Rio Grande do Sul,Sul
4699,4317954,43,RS,Rio Grande do Sul,Sul
4700,4313607,43,RS,Rio Grande do Sul,Sul
4701,4318424,43,RS,Rio Grande do Sul,Sul
4702,4312203,43,RS,Rio Grande do Sul,Sul
4703,4322186,43,RS,Rio Grande do Sul,Sul
4704,4301800,43,RS,Rio Grande do Sul,Sul
4705,4318606,43,RS,Rio Grande do Sul,Sul
4706,4311700,43,RS,Rio Grande do Sul,Sul
4707,4303202,43,RS,Rio Grande do Sul,Sul
4708,4303707,43,RS,Rio Grande do Sul,Sul
4709,4309506,43,RS,Rio Grande do Sul,Sul
4710,4320578,43,RS,Rio Grande do Sul,Sul
4711,4303301,43,RS,Rio Grande do Sul,Sul
4712,4305207,43,RS,Rio Grande do Sul,Sul
4713,4312179,43,RS,Rio Grande do Sul,Sul
4714,4319372,43,RS,Rio Grande do Sul,Sul
4715,4319307,43,RS,Rio Grande do Sul,Sul
4716,4315107,43,RS,Rio Grande do Sul,Sul
4717,4316303,43,RS,Rio Grande do Sul,Sul
4718,4316477,43,RS,Rio Grande do Sul,Sul
4719,4305009,43,RS,Rio Grande do Sul,Sul
4720,4320321,43,RS,Rio Grande do Sul,Sul
4721,4317509,43,RS,Rio Grande do Sul,Sul
4722,4306932,43,RS,Rio Grande do Sul,Sul
4723,4319158,43,RS,Rio Grande do Sul,Sul
4724,4307831,43,RS,Rio Grande do Sul,Sul
4725,4309001,43,RS,Rio Grande do Sul,Sul
4726,4323754,43,RS,Rio Grande do Sul,Sul
4727,4314555,43,RS,Rio Grande do Sul,Sul
4728,4317707,43,RS,Rio Grande do Sul,Sul
4729,4302501,43,RS,Rio Grande do Sul,Sul
4730,4306353,43,RS,Rio Grande do Sul,Sul
4731,4318903,43,RS,Rio Grande do Sul,Sul
4732,4319208,43,RS,Rio Grande do Sul,Sul
4733,4315958,43,RS,Rio Grande do Sul,Sul
4734,4322343,43,RS,Rio Grande do Sul,Sul
4735,4301503,43,RS,Rio Grande do Sul,Sul
4736,4310207,43,RS,Rio Grande do Sul,Sul
4737,4305702,43,RS,Rio Grande do Sul,Sul
4738,4300208,43,RS,Rio Grande do Sul,Sul
4739,4305405,43,RS,Rio Grande do Sul,Sul
4740,4313334,43,RS,Rio Grande do Sul,Sul
4741,4319737,43,RS,Rio Grande do Sul,Sul
4742,4305900,43,RS,Rio Grande do Sul,Sul
4743,4317806,43,RS,Rio Grande do Sul,Sul
4744,4302584,43,RS,Rio Grande do Sul,Sul
4745,4305871,43,RS,Rio Grande do Sul,Sul
4746,4310413,43,RS,Rio Grande do Sul,Sul
4747,4313904,43,RS,Rio Grande do Sul,Sul
4748,4314308,43,RS,Rio Grande do Sul,Sul
4749,4300455,43,RS,Rio Grande do Sul,Sul
4750,4305306,43,RS,Rio Grande do Sul,Sul
4751,4304705,43,RS,Rio Grande do Sul,Sul
4752,4300471,43,RS,Rio Grande do Sul,Sul
4753,4317756,43,RS,Rio Grande do Sul,Sul
4754,4320107,43,RS,Rio Grande do Sul,Sul
4755,4301958,43,RS,Rio Grande do Sul,Sul
4756,4312955,43,RS,Rio Grande do Sul,Sul
4757,4305850,43,RS,Rio Grande do Sul,Sul
4758,4310850,43,RS,Rio Grande do Sul,Sul
4759,4302154,43,RS,Rio Grande do Sul,Sul
4760,4314456,43,RS,Rio Grande do Sul,Sul
4761,4311429,43,RS,Rio Grande do Sul,Sul
4762,4316428,43,RS,Rio Grande do Sul,Sul
4763,4318457,43,RS,Rio Grande do Sul,Sul
4764,4313706,43,RS,Rio Grande do Sul,Sul
4765,4305157,43,RS,Rio Grande do Sul,Sul
4766,4313490,43,RS,Rio Grande do Sul,Sul
4767,4319364,43,RS,Rio Grande do Sul,Sul
4768,4320503,43,RS,Rio Grande do Sul,Sul
4769,4316105,43,RS,Rio Grande do Sul,Sul
4770,4305975,43,RS,Rio Grande do Sul,Sul
4771,4314779,43,RS,Rio Grande do Sul,Sul
4772,4312674,43,RS,Rio Grande do Sul,Sul
4773,4314100,43,RS,Rio Grande do Sul,Sul
4774,4312138,43,RS,Rio Grande do Sul,Sul
4775,4307054,43,RS,Rio Grande do Sul,Sul
4776,4305504,43,RS,Rio Grande do Sul,Sul
4777,4318051,43,RS,Rio Grande do Sul,Sul
4778,4308854,43,RS,Rio Grande do Sul,Sul
4779,4311809,43,RS,Rio Grande do Sul,Sul
4780,4303558,43,RS,Rio Grande do Sul,Sul
4781,4312625,43,RS,Rio Grande do Sul,Sul
4782,4304903,43,RS,Rio Grande do Sul,Sul
4783,4323408,43,RS,Rio Grande do Sul,Sul
4784,4317558,43,RS,Rio Grande do Sul,Sul
4785,4306304,43,RS,Rio Grande do Sul,Sul
4786,4322558,43,RS,Rio Grande do Sul,Sul
4787,4320909,43,RS,Rio Grande do Sul,Sul
4788,4305371,43,RS,Rio Grande do Sul,Sul
4789,4316733,43,RS,Rio Grande do Sul,Sul
4790,4300059,43,RS,Rio Grande do Sul,Sul
4791,4323358,43,RS,Rio Grande do Sul,Sul
4792,4309902,43,RS,Rio Grande do Sul,Sul
4793,4304952,43,RS,Rio Grande do Sul,Sul
4794,4311155,43,RS,Rio Grande do Sul,Sul
4795,4304101,43,RS,Rio Grande do Sul,Sul
4796,4307500,43,RS,Rio Grande do Sul,Sul
4797,4300554,43,RS,Rio Grande do Sul,Sul
4798,4302220,43,RS,Rio Grande do Sul,Sul
4799,4316451,43,RS,Rio Grande do Sul,Sul
4800,4310009,43,RS,Rio Grande do Sul,Sul
4801,4315354,43,RS,Rio Grande do Sul,Sul
4802,4306106,43,RS,Rio Grande do Sul,Sul
4803,4310876,43,RS,Rio Grande do Sul,Sul
4804,4302238,43,RS,Rio Grande do Sul,Sul
4805,4308458,43,RS,Rio Grande do Sul,Sul
4806,4316709,43,RS,Rio Grande do Sul,Sul
4807,4316436,43,RS,Rio Grande do Sul,Sul
4808,4321469,43,RS,Rio Grande do Sul,Sul
4809,4323200,43,RS,Rio Grande do Sul,Sul
4810,4311270,43,RS,Rio Grande do Sul,Sul
4811,4321006,43,RS,Rio Grande do Sul,Sul
4812,4320305,43,RS,Rio Grande do Sul,Sul
4813,4312658,43,RS,Rio Grande do Sul,Sul
4814,4305603,43,RS,Rio Grande do Sul,Sul
4815,4318465,43,RS,Rio Grande do Sul,Sul
4816,4309951,43,RS,Rio Grande do Sul,Sul
4817,4312427,43,RS,Rio Grande do Sul,Sul
4818,4320800,43,RS,Rio Grande do Sul,Sul
4819,4308300,43,RS,Rio Grande do Sul,Sul
4820,4302006,43,RS,Rio Grande do Sul,Sul
4821,4311254,43,RS,Rio Grande do Sul,Sul
4822,4322152,43,RS,Rio Grande do Sul,Sul
4823,4312757,43,RS,Rio Grande do Sul,Sul
4824,4301404,43,RS,Rio Grande do Sul,Sul
4825,4310579,43,RS,Rio Grande do Sul,Sul
4826,4319711,43,RS,Rio Grande do Sul,Sul
4827,4312906,43,RS,Rio Grande do Sul,Sul
4828,4314001,43,RS,Rio Grande do Sul,Sul
4829,4318440,43,RS,Rio Grande do Sul,Sul
4830,4309258,43,RS,Rio Grande do Sul,Sul
4831,4315172,43,RS,Rio Grande do Sul,Sul
4832,4322350,43,RS,Rio Grande do Sul,Sul
4833,4309407,43,RS,Rio Grande do Sul,Sul
4834,4312351,43,RS,Rio Grande do Sul,Sul
4835,4313300,43,RS,Rio Grande do Sul,Sul
4836,4320404,43,RS,Rio Grande do Sul,Sul
4837,4300661,43,RS,Rio Grande do Sul,Sul
4838,4306452,43,RS,Rio Grande do Sul,Sul
4839,4323606,43,RS,Rio Grande do Sul,Sul
4840,4312807,43,RS,Rio Grande do Sul,Sul
4841,4315206,43,RS,Rio Grande do Sul,Sul
4842,4310306,43,RS,Rio Grande do Sul,Sul
4843,4300703,43,RS,Rio Grande do Sul,Sul
4844,4311304,43,RS,Rio Grande do Sul,Sul
4845,4304622,43,RS,Rio Grande do Sul,Sul
4846,4318200,43,RS,Rio Grande do Sul,Sul
4847,4310439,43,RS,Rio Grande do Sul,Sul
4848,4303608,43,RS,Rio Grande do Sul,Sul
4849,4303673,43,RS,Rio Grande do Sul,Sul
4850,4307401,43,RS,Rio Grande do Sul,Sul
4851,4302303,43,RS,Rio Grande do Sul,Sul
4852,4312617,43,RS,Rio Grande do Sul,Sul
4853,4311122,43,RS,Rio Grande do Sul,Sul
4854,4312377,43,RS,Rio Grande do Sul,Sul
4855,4314464,43,RS,Rio Grande do Sul,Sul
4856,4322509,43,RS,Rio Grande do Sul,Sul
4857,4318622,43,RS,Rio Grande do Sul,Sul
4858,4319000,43,RS,Rio Grande do Sul,Sul
4859,4307906,43,RS,Rio Grande do Sul,Sul
4860,4313086,43,RS,Rio Grande do Sul,Sul
4861,4300802,43,RS,Rio Grande do Sul,Sul
4862,4305108,43,RS,Rio Grande do Sul,Sul
4863,4308201,43,RS,Rio Grande do Sul,Sul
4864,4313359,43,RS,Rio Grande do Sul,Sul
4865,4302253,43,RS,Rio Grande do Sul,Sul
4866,4304804,43,RS,Rio Grande do Sul,Sul
4867,4307864,43,RS,Rio Grande do Sul,Sul
4868,4314548,43,RS,Rio Grande do Sul,Sul
4869,4302105,43,RS,Rio Grande do Sul,Sul
4870,4322806,43,RS,Rio Grande do Sul,Sul
4871,4312385,43,RS,Rio Grande do Sul,Sul
4872,4317251,43,RS,Rio Grande do Sul,Sul
4873,4305959,43,RS,Rio Grande do Sul,Sul
4874,4305934,43,RS,Rio Grande do Sul,Sul
4875,4323309,43,RS,Rio Grande do Sul,Sul
4876,4308607,43,RS,Rio Grande do Sul,Sul
4877,4311130,43,RS,Rio Grande do Sul,Sul
4878,4314472,43,RS,Rio Grande do Sul,Sul
4879,4315321,43,RS,Rio Grande do Sul,Sul
4880,4311205,43,RS,Rio Grande do Sul,Sul
4881,4310553,43,RS,Rio Grande do Sul,Sul
4882,4317400,43,RS,Rio Grande do Sul,Sul
4883,4322376,43,RS,Rio Grande do Sul,Sul
4884,4304655,43,RS,Rio Grande do Sul,Sul
4885,4322202,43,RS,Rio Grande do Sul,Sul
4886,4316907,43,RS,Rio Grande do Sul,Sul
4887,4302907,43,RS,Rio Grande do Sul,Sul
4888,4310538,43,RS,Rio Grande do Sul,Sul
4889,4319125,43,RS,Rio Grande do Sul,Sul
4890,4321493,43,RS,Rio Grande do Sul,Sul
4891,4312104,43,RS,Rio Grande do Sul,Sul
4892,4306379,43,RS,Rio Grande do Sul,Sul
4893,4319406,43,RS,Rio Grande do Sul,Sul
4894,4319604,43,RS,Rio Grande do Sul,Sul
4895,4319802,43,RS,Rio Grande do Sul,Sul
4896,4311106,43,RS,Rio Grande do Sul,Sul
4897,4323457,43,RS,Rio Grande do Sul,Sul
4898,4313037,43,RS,Rio Grande do Sul,Sul
4899,4300109,43,RS,Rio Grande do Sul,Sul
4900,4306700,43,RS,Rio Grande do Sul,Sul
4901,4315503,43,RS,Rio Grande do Sul,Sul
4902,4318432,43,RS,Rio Grande do Sul,Sul
4903,4313102,43,RS,Rio Grande do Sul,Sul
4904,4320651,43,RS,Rio Grande do Sul,Sul
4905,4308003,43,RS,Rio Grande do Sul,Sul
4906,4310751,43,RS,Rio Grande do Sul,Sul
4907,4308409,43,RS,Rio Grande do Sul,Sul
4908,4320677,43,RS,Rio Grande do Sul,Sul
4909,4322608,43,RS,Rio Grande do Sul,Sul
4910,4322533,43,RS,Rio Grande do Sul,Sul
4911,4312153,43,RS,Rio Grande do Sul,Sul
4912,4322707,43,RS,Rio Grande do Sul,Sul
4913,4309571,43,RS,Rio Grande do Sul,Sul
4914,4316808,43,RS,Rio Grande do Sul,Sul
4915,4304200,43,RS,Rio Grande do Sul,Sul
4916,4309159,43,RS,Rio Grande do Sul,Sul
4917,4307815,43,RS,Rio Grande do Sul,Sul
4918,4301206,43,RS,Rio Grande do Sul,Sul
4919,4314068,43,RS,Rio Grande do Sul,Sul
4920,4320701,43,RS,Rio Grande do Sul,Sul
4921,4309753,43,RS,Rio Grande do Sul,Sul
4922,4311239,43,RS,Rio Grande do Sul,Sul
4923,4320263,43,RS,Rio Grande do Sul,Sul
4924,4302402,43,RS,Rio Grande do Sul,Sul
4925,4308433,43,RS,Rio Grande do Sul,Sul
4926,4321626,43,RS,Rio Grande do Sul,Sul
4927,4321451,43,RS,Rio Grande do Sul,Sul
4928,4304614,43,RS,Rio Grande do Sul,Sul
4929,4302451,43,RS,Rio Grande do Sul,Sul
4930,4305587,43,RS,Rio Grande do Sul,Sul
4931,4305835,43,RS,Rio Grande do Sul,Sul
4932,4323770,43,RS,Rio Grande do Sul,Sul
4933,4315156,43,RS,Rio Grande do Sul,Sul
4934,4316758,43,RS,Rio Grande do Sul,Sul
4935,4320453,43,RS,Rio Grande do Sul,Sul
4936,4306205,43,RS,Rio Grande do Sul,Sul
4937,4320859,43,RS,Rio Grande do Sul,Sul
4938,4321303,43,RS,Rio Grande do Sul,Sul
4939,4311403,43,RS,Rio Grande do Sul,Sul
4940,4307807,43,RS,Rio Grande do Sul,Sul
4941,4304697,43,RS,Rio Grande do Sul,Sul
4942,4308078,43,RS,Rio Grande do Sul,Sul
4943,4312054,43,RS,Rio Grande do Sul,Sul
4944,4301008,43,RS,Rio Grande do Sul,Sul
4945,4314159,43,RS,Rio Grande do Sul,Sul
4946,4315131,43,RS,Rio Grande do Sul,Sul
4947,4310363,43,RS,Rio Grande do Sul,Sul
4948,4306809,43,RS,Rio Grande do Sul,Sul
4949,4313003,43,RS,Rio Grande do Sul,Sul
4950,4312609,43,RS,Rio Grande do Sul,Sul
4951,4315800,43,RS,Rio Grande do Sul,Sul
4952,4322855,43,RS,Rio Grande do Sul,Sul
4953,4306759,43,RS,Rio Grande do Sul,Sul
4954,4315453,43,RS,Rio Grande do Sul,Sul
4955,4303004,43,RS,Rio Grande do Sul,Sul
4956,4313391,43,RS,Rio Grande do Sul,Sul
4957,4305132,43,RS,Rio Grande do Sul,Sul
4958,4314027,43,RS,Rio Grande do Sul,Sul
4959,4314076,43,RS,Rio Grande do Sul,Sul
4960,4315701,43,RS,Rio Grande do Sul,Sul
4961,4313953,43,RS,Rio Grande do Sul,Sul
4962,4318481,43,RS,Rio Grande do Sul,Sul
4963,4319505,43,RS,Rio Grande do Sul,Sul
4964,4309555,43,RS,Rio Grande do Sul,Sul
4965,4322251,43,RS,Rio Grande do Sul,Sul
4966,4304689,43,RS,Rio Grande do Sul,Sul
4967,4319752,43,RS,Rio Grande do Sul,Sul
4968,4314803,43,RS,Rio Grande do Sul,Sul
4969,4302352,43,RS,Rio Grande do Sul,Sul
4970,4311643,43,RS,Rio Grande do Sul,Sul
4971,4314035,43,RS,Rio Grande do Sul,Sul
4972,4319356,43,RS,Rio Grande do Sul,Sul
4973,4302659,43,RS,Rio Grande do Sul,Sul
4974,4318614,43,RS,Rio Grande do Sul,Sul
4975,4316501,43,RS,Rio Grande do Sul,Sul
4976,4312401,43,RS,Rio Grande do Sul,Sul
4977,4311791,43,RS,Rio Grande do Sul,Sul
4978,4308102,43,RS,Rio Grande do Sul,Sul
4979,4322541,43,RS,Rio Grande do Sul,Sul
4980,4300570,43,RS,Rio Grande do Sul,Sul
4981,4301651,43,RS,Rio Grande do Sul,Sul
4982,4314753,43,RS,Rio Grande do Sul,Sul
4983,4316956,43,RS,Rio Grande do Sul,Sul
4984,4311627,43,RS,Rio Grande do Sul,Sul
4985,4315149,43,RS,Rio Grande do Sul,Sul
4986,4310801,43,RS,Rio Grande do Sul,Sul
4987,4306403,43,RS,Rio Grande do Sul,Sul
4988,4312476,43,RS,Rio Grande do Sul,Sul
4989,4315750,43,RS,Rio Grande do Sul,Sul
4990,4321709,43,RS,Rio Grande do Sul,Sul
4991,4316006,43,RS,Rio Grande do Sul,Sul
4992,4310108,43,RS,Rio Grande do Sul,Sul
4993,4321204,43,RS,Rio Grande do Sul,Sul
4994,4313201,43,RS,Rio Grande do Sul,Sul
4995,4314423,43,RS,Rio Grande do Sul,Sul
4996,4309100,43,RS,Rio Grande do Sul,Sul
4997,4304408,43,RS,Rio Grande do Sul,Sul
4998,4301750,43,RS,Rio Grande do Sul,Sul
4999,4301107,43,RS,Rio Grande do Sul,Sul
5000,4305355,43,RS,Rio Grande do Sul,Sul
5001,4312252,43,RS,Rio Grande do Sul,Sul
5002,4318408,43,RS,Rio Grande do Sul,Sul
5003,4308805,43,RS,Rio Grande do Sul,Sul
5004,4302709,43,RS,Rio Grande do Sul,Sul
5005,4322004,43,RS,Rio Grande do Sul,Sul
5006,4322525,43,RS,Rio Grande do Sul,Sul
5007,4313375,43,RS,Rio Grande do Sul,Sul
5008,4311981,43,RS,Rio Grande do Sul,Sul
5009,4304606,43,RS,Rio Grande do Sul,Sul
5010,4309209,43,RS,Rio Grande do Sul,Sul
5011,4309308,43,RS,Rio Grande do Sul,Sul
5012,4320552,43,RS,Rio Grande do Sul,Sul
5013,4314902,43,RS,Rio Grande do Sul,Sul
5014,4309050,43,RS,Rio Grande do Sul,Sul
5015,4300604,43,RS,Rio Grande do Sul,Sul
5016,4306767,43,RS,Rio Grande do Sul,Sul
5017,4303103,43,RS,Rio Grande do Sul,Sul
5018,4320008,43,RS,Rio Grande do Sul,Sul
5019,4323002,43,RS,Rio Grande do Sul,Sul
5020,4307708,43,RS,Rio Grande do Sul,Sul
5021,4313060,43,RS,Rio Grande do Sul,Sul
5022,4300877,43,RS,Rio Grande do Sul,Sul
5023,4303905,43,RS,Rio Grande do Sul,Sul
5024,4313409,43,RS,Rio Grande do Sul,Sul
5025,4318705,43,RS,Rio Grande do Sul,Sul
5026,4307609,43,RS,Rio Grande do Sul,Sul
5027,4319901,43,RS,Rio Grande do Sul,Sul
5028,4314050,43,RS,Rio Grande do Sul,Sul
5029,4321352,43,RS,Rio Grande do Sul,Sul
5030,4317608,43,RS,Rio Grande do Sul,Sul
5031,4304713,43,RS,Rio Grande do Sul,Sul
5032,4304671,43,RS,Rio Grande do Sul,Sul
5033,4312500,43,RS,Rio Grande do Sul,Sul
5034,4313656,43,RS,Rio Grande do Sul,Sul
5035,4310330,43,RS,Rio Grande do Sul,Sul
5036,4311775,43,RS,Rio Grande do Sul,Sul
5037,4305454,43,RS,Rio Grande do Sul,Sul
5038,4313508,43,RS,Rio Grande do Sul,Sul
5039,4321600,43,RS,Rio Grande do Sul,Sul
5040,4301636,43,RS,Rio Grande do Sul,Sul
5041,4304630,43,RS,Rio Grande do Sul,Sul
5042,4321436,43,RS,Rio Grande do Sul,Sul
5043,4310652,43,RS,Rio Grande do Sul,Sul
5044,4323804,43,RS,Rio Grande do Sul,Sul
5045,4301057,43,RS,Rio Grande do Sul,Sul
5046,4312443,43,RS,Rio Grande do Sul,Sul
5047,4306551,43,RS,Rio Grande do Sul,Sul
5048,4321667,43,RS,Rio Grande do Sul,Sul
5049,4321501,43,RS,Rio Grande do Sul,Sul
5050,4311734,43,RS,Rio Grande do Sul,Sul
5051,4321832,43,RS,Rio Grande do Sul,Sul
5052,4301909,43,RS,Rio Grande do Sul,Sul
5053,4320354,43,RS,Rio Grande do Sul,Sul
5054,4305447,43,RS,Rio Grande do Sul,Sul
5055,4321105,43,RS,Rio Grande do Sul,Sul
5056,4300851,43,RS,Rio Grande do Sul,Sul
5057,4303509,43,RS,Rio Grande do Sul,Sul
5058,4305173,43,RS,Rio Grande do Sul,Sul
5059,4306502,43,RS,Rio Grande do Sul,Sul
5060,4318101,43,RS,Rio Grande do Sul,Sul
5061,4311759,43,RS,Rio Grande do Sul,Sul
5062,4300406,43,RS,Rio Grande do Sul,Sul
5063,4301875,43,RS,Rio Grande do Sul,Sul
5064,4322400,43,RS,Rio Grande do Sul,Sul
5065,4315305,43,RS,Rio Grande do Sul,Sul
5066,4310603,43,RS,Rio Grande do Sul,Sul
5067,4318002,43,RS,Rio Grande do Sul,Sul
5068,4311718,43,RS,Rio Grande do Sul,Sul
5069,4308656,43,RS,Rio Grande do Sul,Sul
5070,4318309,43,RS,Rio Grande do Sul,Sul
5071,4316972,43,RS,Rio Grande do Sul,Sul
5072,4317103,43,RS,Rio Grande do Sul,Sul
5073,4316402,43,RS,Rio Grande do Sul,Sul
5074,4300034,43,RS,Rio Grande do Sul,Sul
5075,4301602,43,RS,Rio Grande do Sul,Sul
5076,4309654,43,RS,Rio Grande do Sul,Sul
5077,4306601,43,RS,Rio Grande do Sul,Sul
5078,4311502,43,RS,Rio Grande do Sul,Sul
5079,4300638,43,RS,Rio Grande do Sul,Sul
5080,4314605,43,RS,Rio Grande do Sul,Sul
5081,4314506,43,RS,Rio Grande do Sul,Sul
5082,4314175,43,RS,Rio Grande do Sul,Sul
5083,4304358,43,RS,Rio Grande do Sul,Sul
5084,4317004,43,RS,Rio Grande do Sul,Sul
5085,4302808,43,RS,Rio Grande do Sul,Sul
5086,4306908,43,RS,Rio Grande do Sul,Sul
5087,4306056,43,RS,Rio Grande do Sul,Sul
5088,4304507,43,RS,Rio Grande do Sul,Sul
5089,4318804,43,RS,Rio Grande do Sul,Sul
5090,4322327,43,RS,Rio Grande do Sul,Sul
5091,4301073,43,RS,Rio Grande do Sul,Sul
5092,4314209,43,RS,Rio Grande do Sul,Sul
5093,4304663,43,RS,Rio Grande do Sul,Sul
5094,4312450,43,RS,Rio Grande do Sul,Sul
5095,4314407,43,RS,Rio Grande do Sul,Sul
5096,4305124,43,RS,Rio Grande do Sul,Sul
5097,4307104,43,RS,Rio Grande do Sul,Sul
5098,4301305,43,RS,Rio Grande do Sul,Sul
5099,4311007,43,RS,Rio Grande do Sul,Sul
5100,4315602,43,RS,Rio Grande do Sul,Sul
5101,4305439,43,RS,Rio Grande do Sul,Sul
5102,4317301,43,RS,Rio Grande do Sul,Sul
5103,4318507,43,RS,Rio Grande do Sul,Sul
5104,5005202,50,MS,Mato Grosso do Sul,Centro-Oeste
5105,5003207,50,MS,Mato Grosso do Sul,Centro-Oeste
5106,5006903,50,MS,Mato Grosso do Sul,Centro-Oeste
5107,5003488,50,MS,Mato Grosso do Sul,Centro-Oeste
5108,5005608,50,MS,Mato Grosso do Sul,Centro-Oeste
5109,5001102,50,MS,Mato Grosso do Sul,Centro-Oeste
5110,5000708,50,MS,Mato Grosso do Sul,Centro-Oeste
5111,5002605,50,MS,Mato Grosso do Sul,Centro-Oeste
5112,5007695,50,MS,Mato Grosso do Sul,Centro-Oeste
5113,5007935,50,MS,Mato Grosso do Sul,Centro-Oeste
5114,5003306,50,MS,Mato Grosso do Sul,Centro-Oeste
5115,5003900,50,MS,Mato Grosso do Sul,Centro-Oeste
5116,5000252,50,MS,Mato Grosso do Sul,Centro-Oeste
5117,5006408,50,MS,Mato Grosso do Sul,Centro-Oeste
5118,5007406,50,MS,Mato Grosso do Sul,Centro-Oeste
5119,5007901,50,MS,Mato Grosso do Sul,Centro-Oeste
5120,5008008,50,MS,Mato Grosso do Sul,Centro-Oeste
5121,5002704,50,MS,Mato Grosso do Sul,Centro-Oeste
5122,5001508,50,MS,Mato Grosso do Sul,Centro-Oeste
5123,5007505,50,MS,Mato Grosso do Sul,Centro-Oeste
5124,5004908,50,MS,Mato Grosso do Sul,Centro-Oeste
5125,5007307,50,MS,Mato Grosso do Sul,Centro-Oeste
5126,5003108,50,MS,Mato Grosso do Sul,Centro-Oeste
5127,5002902,50,MS,Mato Grosso do Sul,Centro-Oeste
5128,5002951,50,MS,Mato Grosso do Sul,Centro-Oeste
5129,5006275,50,MS,Mato Grosso do Sul,Centro-Oeste
5130,5003256,50,MS,Mato Grosso do Sul,Centro-Oeste
5131,5007802,50,MS,Mato Grosso do Sul,Centro-Oeste
5132,5004403,50,MS,Mato Grosso do Sul,Centro-Oeste
5133,5006309,50,MS,Mato Grosso do Sul,Centro-Oeste
5134,5001003,50,MS,Mato Grosso do Sul,Centro-Oeste
5135,5007109,50,MS,Mato Grosso do Sul,Centro-Oeste
5136,5002308,50,MS,Mato Grosso do Sul,Centro-Oeste
5137,5008305,50,MS,Mato Grosso do Sul,Centro-Oeste
5138,5000203,50,MS,Mato Grosso do Sul,Centro-Oeste
5139,5007554,50,MS,Mato Grosso do Sul,Centro-Oeste
5140,5001904,50,MS,Mato Grosso do Sul,Centro-Oeste
5141,5006200,50,MS,Mato Grosso do Sul,Centro-Oeste
5142,5002001,50,MS,Mato Grosso do Sul,Centro-Oeste
5143,5007976,50,MS,Mato Grosso do Sul,Centro-Oeste
5144,5000807,50,MS,Mato Grosso do Sul,Centro-Oeste
5145,5002209,50,MS,Mato Grosso do Sul,Centro-Oeste
5146,5005806,50,MS,Mato Grosso do Sul,Centro-Oeste
5147,5004106,50,MS,Mato Grosso do Sul,Centro-Oeste
5148,5002803,50,MS,Mato Grosso do Sul,Centro-Oeste
5149,5005004,50,MS,Mato Grosso do Sul,Centro-Oeste
5150,5002100,50,MS,Mato Grosso do Sul,Centro-Oeste
5151,5002159,50,MS,Mato Grosso do Sul,Centro-Oeste
5152,5006002,50,MS,Mato Grosso do Sul,Centro-Oeste
5153,5005251,50,MS,Mato Grosso do Sul,Centro-Oeste
5154,5008404,50,MS,Mato Grosso do Sul,Centro-Oeste
5155,5004502,50,MS,Mato Grosso do Sul,Centro-Oeste
5156,5003504,50,MS,Mato Grosso do Sul,Centro-Oeste
5157,5003702,50,MS,Mato Grosso do Sul,Centro-Oeste
5158,5007208,50,MS,Mato Grosso do Sul,Centro-Oeste
5159,5003801,50,MS,Mato Grosso do Sul,Centro-Oeste
5160,5005400,50,MS,Mato Grosso do Sul,Centro-Oeste
5161,5002407,50,MS,Mato Grosso do Sul,Centro-Oeste
5162,5005152,50,MS,Mato Grosso do Sul,Centro-Oeste
5163,5006606,50,MS,Mato Grosso do Sul,Centro-Oeste
5164,5000906,50,MS,Mato Grosso do Sul,Centro-Oeste
5165,5001243,50,MS,Mato Grosso do Sul,Centro-Oeste
5166,5000609,50,MS,Mato Grosso do Sul,Centro-Oeste
5167,5004007,50,MS,Mato Grosso do Sul,Centro-Oeste
5168,5003454,50,MS,Mato Grosso do Sul,Centro-Oeste
5169,5005103,50,MS,Mato Grosso do Sul,Centro-Oeste
5170,5004601,50,MS,Mato Grosso do Sul,Centro-Oeste
5171,5005681,50,MS,Mato Grosso do Sul,Centro-Oeste
5172,5005707,50,MS,Mato Grosso do Sul,Centro-Oeste
5173,5004304,50,MS,Mato Grosso do Sul,Centro-Oeste
5174,5003751,50,MS,Mato Grosso do Sul,Centro-Oeste
5175,5004809,50,MS,Mato Grosso do Sul,Centro-Oeste
5176,5006259,50,MS,Mato Grosso do Sul,Centro-Oeste
5177,5004700,50,MS,Mato Grosso do Sul,Centro-Oeste
5178,5000856,50,MS,Mato Grosso do Sul,Centro-Oeste
5179,5007950,50,MS,Mato Grosso do Sul,Centro-Oeste
5180,5003157,50,MS,Mato Grosso do Sul,Centro-Oeste
5181,5006358,50,MS,Mato Grosso do Sul,Centro-Oeste
5182,5007703,50,MS,Mato Grosso do Sul,Centro-Oeste
5183,5101902,51,MT,Mato Grosso,Centro-Oeste
5184,5105150,51,MT,Mato Grosso,Centro-Oeste
5185,5103379,51,MT,Mato Grosso,Centro-Oeste
5186,5101407,51,MT,Mato Grosso,Centro-Oeste
5187,5103254,51,MT,Mato Grosso,Centro-Oeste
5188,5107578,51,MT,Mato Grosso,Centro-Oeste
5189,5105176,51,MT,Mato Grosso,Centro-Oeste
5190,5102850,51,MT,Mato Grosso,Centro-Oeste
5191,5106299,51,MT,Mato Grosso,Centro-Oeste
5192,5106158,51,MT,Mato Grosso,Centro-Oeste
5193,5108956,51,MT,Mato Grosso,Centro-Oeste
5194,5100805,51,MT,Mato Grosso,Centro-Oeste
5195,5102793,51,MT,Mato Grosso,Centro-Oeste
5196,5100250,51,MT,Mato Grosso,Centro-Oeste
5197,5103205,51,MT,Mato Grosso,Centro-Oeste
5198,5106216,51,MT,Mato Grosso,Centro-Oeste
5199,5108055,51,MT,Mato Grosso,Centro-Oeste
5200,5108808,51,MT,Mato Grosso,Centro-Oeste
5201,5104104,51,MT,Mato Grosso,Centro-Oeste
5202,5106265,51,MT,Mato Grosso,Centro-Oeste
5203,5105606,51,MT,Mato Grosso,Centro-Oeste
5204,5106422,51,MT,Mato Grosso,Centro-Oeste
5205,5107875,51,MT,Mato Grosso,Centro-Oeste
5206,5102637,51,MT,Mato Grosso,Centro-Oeste
5207,5103502,51,MT,Mato Grosso,Centro-Oeste
5208,5103304,51,MT,Mato Grosso,Centro-Oeste
5209,5102686,51,MT,Mato Grosso,Centro-Oeste
5210,5107305,51,MT,Mato Grosso,Centro-Oeste
5211,5108907,51,MT,Mato Grosso,Centro-Oeste
5212,5107941,51,MT,Mato Grosso,Centro-Oeste
5213,5106802,51,MT,Mato Grosso,Centro-Oeste
5214,5105101,51,MT,Mato Grosso,Centro-Oeste
5215,5106273,51,MT,Mato Grosso,Centro-Oeste
5216,5105903,51,MT,Mato Grosso,Centro-Oeste
5217,5107925,51,MT,Mato Grosso,Centro-Oeste
5218,5105259,51,MT,Mato Grosso,Centro-Oeste
5219,5104526,51,MT,Mato Grosso,Centro-Oeste
5220,5107768,51,MT,Mato Grosso,Centro-Oeste
5221,5106224,51,MT,Mato Grosso,Centro-Oeste
5222,5104542,51,MT,Mato Grosso,Centro-Oeste
5223,5106240,51,MT,Mato Grosso,Centro-Oeste
5224,5108006,51,MT,Mato Grosso,Centro-Oeste
5225,5103056,51,MT,Mato Grosso,Centro-Oeste
5226,5103700,51,MT,Mato Grosso,Centro-Oeste
5227,5107248,51,MT,Mato Grosso,Centro-Oeste
5228,5107909,51,MT,Mato Grosso,Centro-Oeste
5229,5105580,51,MT,Mato Grosso,Centro-Oeste
5230,5104559,51,MT,Mato Grosso,Centro-Oeste
5231,5106190,51,MT,Mato Grosso,Centro-Oeste
5232,5108303,51,MT,Mato Grosso,Centro-Oeste
5233,5108501,51,MT,Mato Grosso,Centro-Oeste
5234,5106455,51,MT,Mato Grosso,Centro-Oeste
5235,5106208,51,MT,Mato Grosso,Centro-Oeste
5236,5103858,51,MT,Mato Grosso,Centro-Oeste
5237,5106307,51,MT,Mato Grosso,Centro-Oeste
5238,5106315,51,MT,Mato Grosso,Centro-Oeste
5239,5108600,51,MT,Mato Grosso,Centro-Oeste
5240,5100359,51,MT,Mato Grosso,Centro-Oeste
5241,5107883,51,MT,Mato Grosso,Centro-Oeste
5242,5106778,51,MT,Mato Grosso,Centro-Oeste
5243,5107743,51,MT,Mato Grosso,Centro-Oeste
5244,5107859,51,MT,Mato Grosso,Centro-Oeste
5245,5102694,51,MT,Mato Grosso,Centro-Oeste
5246,5101852,51,MT,Mato Grosso,Centro-Oeste
5247,5107776,51,MT,Mato Grosso,Centro-Oeste
5248,5107354,51,MT,Mato Grosso,Centro-Oeste
5249,5105309,51,MT,Mato Grosso,Centro-Oeste
5250,5103353,51,MT,Mato Grosso,Centro-Oeste
5251,5107180,51,MT,Mato Grosso,Centro-Oeste
5252,5106281,51,MT,Mato Grosso,Centro-Oeste
5253,5106257,51,MT,Mato Grosso,Centro-Oeste
5254,5102603,51,MT,Mato Grosso,Centro-Oeste
5255,5106174,51,MT,Mato Grosso,Centro-Oeste
5256,5100201,51,MT,Mato Grosso,Centro-Oeste
5257,5107065,51,MT,Mato Grosso,Centro-Oeste
5258,5102702,51,MT,Mato Grosso,Centro-Oeste
5259,5107792,51,MT,Mato Grosso,Centro-Oeste
5260,5101001,51,MT,Mato Grosso,Centro-Oeste
5261,5101803,51,MT,Mato Grosso,Centro-Oeste
5262,5103106,51,MT,Mato Grosso,Centro-Oeste
5263,5108352,51,MT,Mato Grosso,Centro-Oeste
5264,5106752,51,MT,Mato Grosso,Centro-Oeste
5265,5106182,51,MT,Mato Grosso,Centro-Oeste
5266,5105507,51,MT,Mato Grosso,Centro-Oeste
5267,5103361,51,MT,Mato Grosso,Centro-Oeste
5268,5101704,51,MT,Mato Grosso,Centro-Oeste
5269,5106851,51,MT,Mato Grosso,Centro-Oeste
5270,5103452,51,MT,Mato Grosso,Centro-Oeste
5271,5107958,51,MT,Mato Grosso,Centro-Oeste
5272,5106232,51,MT,Mato Grosso,Centro-Oeste
5273,5107750,51,MT,Mato Grosso,Centro-Oeste
5274,5105234,51,MT,Mato Grosso,Centro-Oeste
5275,5107206,51,MT,Mato Grosso,Centro-Oeste
5276,5101258,51,MT,Mato Grosso,Centro-Oeste
5277,5106828,51,MT,Mato Grosso,Centro-Oeste
5278,5107156,51,MT,Mato Grosso,Centro-Oeste
5279,5104500,51,MT,Mato Grosso,Centro-Oeste
5280,5105002,51,MT,Mato Grosso,Centro-Oeste
5281,5103957,51,MT,Mato Grosso,Centro-Oeste
5282,5107107,51,MT,Mato Grosso,Centro-Oeste
5283,5103809,51,MT,Mato Grosso,Centro-Oeste
5284,5105622,51,MT,Mato Grosso,Centro-Oeste
5285,5107263,51,MT,Mato Grosso,Centro-Oeste
5286,5108857,51,MT,Mato Grosso,Centro-Oeste
5287,5101308,51,MT,Mato Grosso,Centro-Oeste
5288,5106000,51,MT,Mato Grosso,Centro-Oeste
5289,5100508,51,MT,Mato Grosso,Centro-Oeste
5290,5104906,51,MT,Mato Grosso,Centro-Oeste
5291,5100102,51,MT,Mato Grosso,Centro-Oeste
5292,5107701,51,MT,Mato Grosso,Centro-Oeste
5293,5103007,51,MT,Mato Grosso,Centro-Oeste
5294,5108402,51,MT,Mato Grosso,Centro-Oeste
5295,5106109,51,MT,Mato Grosso,Centro-Oeste
5296,5107800,51,MT,Mato Grosso,Centro-Oeste
5297,5103403,51,MT,Mato Grosso,Centro-Oeste
5298,5106505,51,MT,Mato Grosso,Centro-Oeste
5299,5101605,51,MT,Mato Grosso,Centro-Oeste
5300,5103437,51,MT,Mato Grosso,Centro-Oeste
5301,5102504,51,MT,Mato Grosso,Centro-Oeste
5302,5102678,51,MT,Mato Grosso,Centro-Oeste
5303,5107040,51,MT,Mato Grosso,Centro-Oeste
5304,5107198,51,MT,Mato Grosso,Centro-Oeste
5305,5106703,51,MT,Mato Grosso,Centro-Oeste
5306,5106653,51,MT,Mato Grosso,Centro-Oeste
5307,5108204,51,MT,Mato Grosso,Centro-Oeste
5308,5103908,51,MT,Mato Grosso,Centro-Oeste
5309,5108105,51,MT,Mato Grosso,Centro-Oeste
5310,5104203,51,MT,Mato Grosso,Centro-Oeste
5311,5101209,51,MT,Mato Grosso,Centro-Oeste
5312,5107008,51,MT,Mato Grosso,Centro-Oeste
5313,5104609,51,MT,Mato Grosso,Centro-Oeste
5314,5106372,51,MT,Mato Grosso,Centro-Oeste
5315,5107297,51,MT,Mato Grosso,Centro-Oeste
5316,5107602,51,MT,Mato Grosso,Centro-Oeste
5317,5103601,51,MT,Mato Grosso,Centro-Oeste
5318,5104807,51,MT,Mato Grosso,Centro-Oeste
5319,5105200,51,MT,Mato Grosso,Centro-Oeste
5320,5107404,51,MT,Mato Grosso,Centro-Oeste
5321,5100409,51,MT,Mato Grosso,Centro-Oeste
5322,5100300,51,MT,Mato Grosso,Centro-Oeste
5323,5100607,51,MT,Mato Grosso,Centro-Oeste
5324,5214838,52,GO,Goiás,Centro-Oeste
5325,5214002,52,GO,Goiás,Centro-Oeste
5326,5220207,52,GO,Goiás,Centro-Oeste
5327,5215256,52,GO,Goiás,Centro-Oeste
5328,5214051,52,GO,Goiás,Centro-Oeste
5329,5206404,52,GO,Goiás,Centro-Oeste
5330,5221577,52,GO,Goiás,Centro-Oeste
5331,5202502,52,GO,Goiás,Centro-Oeste
5332,5207535,52,GO,Goiás,Centro-Oeste
5333,5219258,52,GO,Goiás,Centro-Oeste
5334,5211008,52,GO,Goiás,Centro-Oeste
5335,5203807,52,GO,Goiás,Centro-Oeste
5336,5202155,52,GO,Goiás,Centro-Oeste
5337,5208905,52,GO,Goiás,Centro-Oeste
5338,5212204,52,GO,Goiás,Centro-Oeste
5339,5212956,52,GO,Goiás,Centro-Oeste
5340,5202353,52,GO,Goiás,Centro-Oeste
5341,5203104,52,GO,Goiás,Centro-Oeste
5342,5201702,52,GO,Goiás,Centro-Oeste
5343,5203401,52,GO,Goiás,Centro-Oeste
5344,5217203,52,GO,Goiás,Centro-Oeste
5345,5207105,52,GO,Goiás,Centro-Oeste
5346,5213707,52,GO,Goiás,Centro-Oeste
5347,5213772,52,GO,Goiás,Centro-Oeste
5348,5221452,52,GO,Goiás,Centro-Oeste
5349,5204656,52,GO,Goiás,Centro-Oeste
5350,5208103,52,GO,Goiás,Centro-Oeste
5351,5203575,52,GO,Goiás,Centro-Oeste
5352,5207501,52,GO,Goiás,Centro-Oeste
5353,5213087,52,GO,Goiás,Centro-Oeste
5354,5219605,52,GO,Goiás,Centro-Oeste
5355,5214101,52,GO,Goiás,Centro-Oeste
5356,5218003,52,GO,Goiás,Centro-Oeste
5357,5200555,52,GO,Goiás,Centro-Oeste
5358,5200829,52,GO,Goiás,Centro-Oeste
5359,5212808,52,GO,Goiás,Centro-Oeste
5360,5214879,52,GO,Goiás,Centro-Oeste
5361,5214606,52,GO,Goiás,Centro-Oeste
5362,5221601,52,GO,Goiás,Centro-Oeste
5363,5204706,52,GO,Goiás,Centro-Oeste
5364,5204953,52,GO,Goiás,Centro-Oeste
5365,5219704,52,GO,Goiás,Centro-Oeste
5366,5205521,52,GO,Goiás,Centro-Oeste
5367,5204904,52,GO,Goiás,Centro-Oeste
5368,5213509,52,GO,Goiás,Centro-Oeste
5369,5214903,52,GO,Goiás,Centro-Oeste
5370,5220009,52,GO,Goiás,Centro-Oeste
5371,5205307,52,GO,Goiás,Centro-Oeste
5372,5200605,52,GO,Goiás,Centro-Oeste
5373,5221080,52,GO,Goiás,Centro-Oeste
5374,5211206,52,GO,Goiás,Centro-Oeste
5375,5209291,52,GO,Goiás,Centro-Oeste
5376,5220157,52,GO,Goiás,Centro-Oeste
5377,5209804,52,GO,Goiás,Centro-Oeste
5378,5219357,52,GO,Goiás,Centro-Oeste
5379,5216908,52,GO,Goiás,Centro-Oeste
5380,5218706,52,GO,Goiás,Centro-Oeste
5381,5208608,52,GO,Goiás,Centro-Oeste
5382,5213855,52,GO,Goiás,Centro-Oeste
5383,5209457,52,GO,Goiás,Centro-Oeste
5384,5219456,52,GO,Goiás,Centro-Oeste
5385,5210901,52,GO,Goiás,Centro-Oeste
5386,5218904,52,GO,Goiás,Centro-Oeste
5387,5218607,52,GO,Goiás,Centro-Oeste
5388,5205000,52,GO,Goiás,Centro-Oeste
5389,5203203,52,GO,Goiás,Centro-Oeste
5390,5214861,52,GO,Goiás,Centro-Oeste
5391,5221700,52,GO,Goiás,Centro-Oeste
5392,5205406,52,GO,Goiás,Centro-Oeste
5393,5214705,52,GO,Goiás,Centro-Oeste
5394,5220280,52,GO,Goiás,Centro-Oeste
5395,5210158,52,GO,Goiás,Centro-Oeste
5396,5203609,52,GO,Goiás,Centro-Oeste
5397,5205208,52,GO,Goiás,Centro-Oeste
5398,5215009,52,GO,Goiás,Centro-Oeste
5399,5219902,52,GO,Goiás,Centro-Oeste
5400,5212055,52,GO,Goiás,Centro-Oeste
5401,5215405,52,GO,Goiás,Centro-Oeste
5402,5219506,52,GO,Goiás,Centro-Oeste
5403,5201108,52,GO,Goiás,Centro-Oeste
5404,5216809,52,GO,Goiás,Centro-Oeste
5405,5204854,52,GO,Goiás,Centro-Oeste
5406,5211800,52,GO,Goiás,Centro-Oeste
5407,5210000,52,GO,Goiás,Centro-Oeste
5408,5210604,52,GO,Goiás,Centro-Oeste
5409,5210562,52,GO,Goiás,Centro-Oeste
5410,5210406,52,GO,Goiás,Centro-Oeste
5411,5209606,52,GO,Goiás,Centro-Oeste
5412,5221007,52,GO,Goiás,Centro-Oeste
5413,5201603,52,GO,Goiás,Centro-Oeste
5414,5206800,52,GO,Goiás,Centro-Oeste
5415,5211404,52,GO,Goiás,Centro-Oeste
5416,5215207,52,GO,Goiás,Centro-Oeste
5417,5211602,52,GO,Goiás,Centro-Oeste
5418,5213400,52,GO,Goiás,Centro-Oeste
5419,5205703,52,GO,Goiás,Centro-Oeste
5420,5204201,52,GO,Goiás,Centro-Oeste
5421,5207600,52,GO,Goiás,Centro-Oeste
5422,5210208,52,GO,Goiás,Centro-Oeste
5423,5210307,52,GO,Goiás,Centro-Oeste
5424,5200902,52,GO,Goiás,Centro-Oeste
5425,5212006,52,GO,Goiás,Centro-Oeste
5426,5200159,52,GO,Goiás,Centro-Oeste
5427,5200852,52,GO,Goiás,Centro-Oeste
5428,5202809,52,GO,Goiás,Centro-Oeste
5429,5201306,52,GO,Goiás,Centro-Oeste
5430,5213905,52,GO,Goiás,Centro-Oeste
5431,5203939,52,GO,Goiás,Centro-Oeste
5432,5220108,52,GO,Goiás,Centro-Oeste
5433,5219001,52,GO,Goiás,Centro-Oeste
5434,5202601,52,GO,Goiás,Centro-Oeste
5435,5214408,52,GO,Goiás,Centro-Oeste
5436,5219100,52,GO,Goiás,Centro-Oeste
5437,5221502,52,GO,Goiás,Centro-Oeste
5438,5207808,52,GO,Goiás,Centro-Oeste
5439,5203302,52,GO,Goiás,Centro-Oeste
5440,5208707,52,GO,Goiás,Centro-Oeste
5441,5219738,52,GO,Goiás,Centro-Oeste
5442,5208806,52,GO,Goiás,Centro-Oeste
5443,5200050,52,GO,Goiás,Centro-Oeste
5444,5214507,52,GO,Goiás,Centro-Oeste
5445,5204557,52,GO,Goiás,Centro-Oeste
5446,5203559,52,GO,Goiás,Centro-Oeste
5447,5221403,52,GO,Goiás,Centro-Oeste
5448,5201405,52,GO,Goiás,Centro-Oeste
5449,5209200,52,GO,Goiás,Centro-Oeste
5450,5220454,52,GO,Goiás,Centro-Oeste
5451,5201801,52,GO,Goiás,Centro-Oeste
5452,5221197,52,GO,Goiás,Centro-Oeste
5453,5209705,52,GO,Goiás,Centro-Oeste
5454,5208400,52,GO,Goiás,Centro-Oeste
5455,5212303,52,GO,Goiás,Centro-Oeste
5456,5200803,52,GO,Goiás,Centro-Oeste
5457,5218300,52,GO,Goiás,Centro-Oeste
5458,5209903,52,GO,Goiás,Centro-Oeste
5459,5209408,52,GO,Goiás,Centro-Oeste
5460,5203962,52,GO,Goiás,Centro-Oeste
5461,5220702,52,GO,Goiás,Centro-Oeste
5462,5212709,52,GO,Goiás,Centro-Oeste
5463,5220686,52,GO,Goiás,Centro-Oeste
5464,5208301,52,GO,Goiás,Centro-Oeste
5465,5219803,52,GO,Goiás,Centro-Oeste
5466,5206701,52,GO,Goiás,Centro-Oeste
5467,5207907,52,GO,Goiás,Centro-Oeste
5468,5200308,52,GO,Goiás,Centro-Oeste
5469,5217302,52,GO,Goiás,Centro-Oeste
5470,5200100,52,GO,Goiás,Centro-Oeste
5471,5205802,52,GO,Goiás,Centro-Oeste
5472,5222302,52,GO,Goiás,Centro-Oeste
5473,5212501,52,GO,Goiás,Centro-Oeste
5474,5221858,52,GO,Goiás,Centro-Oeste
5475,5219753,52,GO,Goiás,Centro-Oeste
5476,5205497,52,GO,Goiás,Centro-Oeste
5477,5215231,52,GO,Goiás,Centro-Oeste
5478,5206206,52,GO,Goiás,Centro-Oeste
5479,5217609,52,GO,Goiás,Centro-Oeste
5480,5204003,52,GO,Goiás,Centro-Oeste
5481,5208004,52,GO,Goiás,Centro-Oeste
5482,5215603,52,GO,Goiás,Centro-Oeste
5483,5213053,52,GO,Goiás,Centro-Oeste
5484,5205513,52,GO,Goiás,Centro-Oeste
5485,5200258,52,GO,Goiás,Centro-Oeste
5486,5222203,52,GO,Goiás,Centro-Oeste
5487,5200175,52,GO,Goiás,Centro-Oeste
5488,5201454,52,GO,Goiás,Centro-Oeste
5489,5205059,52,GO,Goiás,Centro-Oeste
5490,5213756,52,GO,Goiás,Centro-Oeste
5491,5213004,52,GO,Goiás,Centro-Oeste
5492,5219712,52,GO,Goiás,Centro-Oeste
5493,5218805,52,GO,Goiás,Centro-Oeste
5494,5219308,52,GO,Goiás,Centro-Oeste
5495,5207253,52,GO,Goiás,Centro-Oeste
5496,5213103,52,GO,Goiás,Centro-Oeste
5497,5216452,52,GO,Goiás,Centro-Oeste
5498,5201504,52,GO,Goiás,Centro-Oeste
5499,5204409,52,GO,Goiás,Centro-Oeste
5500,5211909,52,GO,Goiás,Centro-Oeste
5501,5220504,52,GO,Goiás,Centro-Oeste
5502,5219407,52,GO,Goiás,Centro-Oeste
5503,5205471,52,GO,Goiás,Centro-Oeste
5504,5218102,52,GO,Goiás,Centro-Oeste
5505,5215652,52,GO,Goiás,Centro-Oeste
5506,5221908,52,GO,Goiás,Centro-Oeste
5507,5207352,52,GO,Goiás,Centro-Oeste
5508,5221551,52,GO,Goiás,Centro-Oeste
5509,5200134,52,GO,Goiás,Centro-Oeste
5510,5215900,52,GO,Goiás,Centro-Oeste
5511,5209952,52,GO,Goiás,Centro-Oeste
5512,5207402,52,GO,Goiás,Centro-Oeste
5513,5204607,52,GO,Goiás,Centro-Oeste
5514,5216403,52,GO,Goiás,Centro-Oeste
5515,5220058,52,GO,Goiás,Centro-Oeste
5516,5215702,52,GO,Goiás,Centro-Oeste
5517,5211701,52,GO,Goiás,Centro-Oeste
5518,5205455,52,GO,Goiás,Centro-Oeste
5519,5216007,52,GO,Goiás,Centro-Oeste
5520,5200506,52,GO,Goiás,Centro-Oeste
5521,5203500,52,GO,Goiás,Centro-Oeste
5522,5209101,52,GO,Goiás,Centro-Oeste
5523,5203906,52,GO,Goiás,Centro-Oeste
5524,5211503,52,GO,Goiás,Centro-Oeste
5525,5204250,52,GO,Goiás,Centro-Oeste
5526,5212105,52,GO,Goiás,Centro-Oeste
5527,5213806,52,GO,Goiás,Centro-Oeste
5528,5204508,52,GO,Goiás,Centro-Oeste
5529,5212907,52,GO,Goiás,Centro-Oeste
5530,5200209,52,GO,Goiás,Centro-Oeste
5531,5218789,52,GO,Goiás,Centro-Oeste
5532,5222054,52,GO,Goiás,Centro-Oeste
5533,5206503,52,GO,Goiás,Centro-Oeste
5534,5218391,52,GO,Goiás,Centro-Oeste
5535,5217104,52,GO,Goiás,Centro-Oeste
5536,5212600,52,GO,Goiás,Centro-Oeste
5537,5217708,52,GO,Goiás,Centro-Oeste
5538,5218052,52,GO,Goiás,Centro-Oeste
5539,5209937,52,GO,Goiás,Centro-Oeste
5540,5222005,52,GO,Goiás,Centro-Oeste
5541,5208152,52,GO,Goiás,Centro-Oeste
5542,5220603,52,GO,Goiás,Centro-Oeste
5543,5220264,52,GO,Goiás,Centro-Oeste
5544,5221809,52,GO,Goiás,Centro-Oeste
5545,5217401,52,GO,Goiás,Centro-Oeste
5546,5215801,52,GO,Goiás,Centro-Oeste
5547,5219209,52,GO,Goiás,Centro-Oeste
5548,5215306,52,GO,Goiás,Centro-Oeste
5549,5206305,52,GO,Goiás,Centro-Oeste
5550,5204805,52,GO,Goiás,Centro-Oeste
5551,5206909,52,GO,Goiás,Centro-Oeste
5552,5206602,52,GO,Goiás,Centro-Oeste
5553,5201207,52,GO,Goiás,Centro-Oeste
5554,5208509,52,GO,Goiás,Centro-Oeste
5555,5215504,52,GO,Goiás,Centro-Oeste
5556,5210109,52,GO,Goiás,Centro-Oeste
5557,5214804,52,GO,Goiás,Centro-Oeste
5558,5205109,52,GO,Goiás,Centro-Oeste
5559,5221304,52,GO,Goiás,Centro-Oeste
5560,5205901,52,GO,Goiás,Centro-Oeste
5561,5212253,52,GO,Goiás,Centro-Oeste
5562,5204300,52,GO,Goiás,Centro-Oeste
5563,5210802,52,GO,Goiás,Centro-Oeste
5564,5211305,52,GO,Goiás,Centro-Oeste
5565,5204102,52,GO,Goiás,Centro-Oeste
5566,5209150,52,GO,Goiás,Centro-Oeste
5567,5220405,52,GO,Goiás,Centro-Oeste
5568,5216304,52,GO,Goiás,Centro-Oeste
5569,5218508,52,GO,Goiás,Centro-Oeste
5570,5300108,53,DF,Distrito Federal,Centro-Oeste
